CITY,IATA,URL,GROKVIBE,ACTIVITYEMOJI,SHORTTITLE
Amsterdam,AMS,https://www.getyourguide.com/amsterdam-l36/from-amsterdam-zaanse-schans-volendam-marken-day-trip-t609/?partner_id=DEYJUF3&utm_medium=online_publisher&cmp=YonderAMS,explorer,🗺,Amsterdam Zaanse Schans Volendam
Amsterdam,AMS,https://www.getyourguide.com/amsterdam-l36/amsterdam-evening-sunset-canal-cruise-w-optional-drinks-t963935/?partner_id=DEYJUF3&utm_medium=online_publisher&cmp=YonderAMS,adventure,🏔,Amsterdam Evening Sunset Canal
Amsterdam,AMS,https://www.getyourguide.com/amsterdam-l36/amsterdam-national-holocaust-museum-admission-ticket-t635116/?partner_id=DEYJUF3&utm_medium=online_publisher&cmp=YonderAMS,history,🏛,Amsterdam National Holocaust
Amsterdam,AMS,https://www.viator.com/tours/Amsterdam/Amsterdam-Traditional-Dutch-Stroopwafel-Baking-Workshop/d525-14823P102?pid=P00312625&mcid=42383&medium=link&campaign=YonderAMS,foodie,🍜,Amsterdam Traditional Dutch
Amsterdam,AMS,https://www.viator.com/tours/Amsterdam/BRUGE-FROM-AMSTERDAM-ENG/d525-6877P56?pid=P00312625&mcid=42383&medium=link&campaign=YonderAMS,explorer,🗺,Bruges Day Trip
Amsterdam,AMS,https://www.viator.com/tours/Amsterdam/Amsterdam-Red-Light-District-and-Coffeeshop-Tour/d525-9093P14?pid=P00312625&mcid=42383&medium=link&campaign=YonderAMS,nightlife,🍸,Amsterdam Red Light District
Athens,ATH,https://www.getyourguide.com/athens-l91/acropolis-museum-early-morning-guided-walking-tour-t463434/?partner_id=DEYJUF3&utm_medium=online_publisher&cmp=YonderATH,history,🏛,Acropolis Museum Early Morning
Athens,ATH,https://www.getyourguide.com/athens-l91/hydra-island-full-day-trip-from-athens-with-swimming-t1030362/?partner_id=DEYJUF3&utm_medium=online_publisher&cmp=YonderATH,nature,🌿,Hydra Island Trip Athens
Athens,ATH,https://www.getyourguide.com/athens-l91/athens-the-odyssey-live-an-epic-theatrical-journey-t1284653/,vibe,✨,Athens Odyssey Live Epic
Athens,ATH,https://www.viator.com/tours/Athens/Best-of-Athens-Half-Day-Private-Tour/d496-141567P7?pid=P00312625&mcid=42383&medium=link&campaign=YonderATH,explorer,🗺,Best of Athens
Athens,ATH,https://www.viator.com/tours/Athens/Private-Tour-Gourmet-Food-Walking-Tour-in-Athens/d496-5776GOURMET?pid=P00312625&mcid=42383&medium=link&campaign=YonderATH,foodie,🍜,Gourmet Food Walking Athens
Athens,ATH,https://www.viator.com/tours/Athens/Full-Day-Meteora-Tour-from-Athens-by-Train/d496-6575P10?pid=P00312625&mcid=42383&medium=link&campaign=YonderATH,explorer,🗺,Meteora Athens Train
Bangkok,BKK,https://www.getyourguide.com/bangkok-l169/bangkok-muay-thai-boxing-tickets-at-rajadamnern-stadium-t505196/?partner_id=DEYJUF3&utm_medium=online_publisher&cmp=YonderBKK,culture,🎟,Bangkok Muay Thai Boxing
Bangkok,BKK,https://www.getyourguide.com/bangkok-l169/bangkok-grand-palace-wat-arun-big-buddha-small-group-tour-t664120/?partner_id=DEYJUF3&utm_medium=online_publisher&cmp=YonderBKK,history,🏛,Bangkok Grand Palace Wat
Bangkok,BKK,https://www.getyourguide.com/bangkok-l169/bangkok-baiyoke-sky-buffet-breakfast-on-81st-floor-balcony-t1156147/,vibe,✨,Bangkok Baiyoke Sky Buffet
Bangkok,BKK,https://www.viator.com/tours/Bangkok/Erawan-National-Park-Small-Group-Tour-Full-Day/d343-163642P30?pid=P00312625&mcid=42383&medium=link&campaign=YonderBKK,explorer,🗺,Erawan National Park
Bangkok,BKK,https://www.viator.com/tours/Bangkok/Bangkok-by-Night-Food-Temples-and-Markets-by-Tuk-Tuk/d343-6467BKKNIGHT?pid=P00312625&mcid=42383&medium=link&campaign=YonderBKK,foodie,🍜,Bangkok Night Food Temples
Bangkok,BKK,https://www.viator.com/tours/Bangkok/Living-Green-Elephant-Sanctuary-Tour-from-Bangkok/d343-157340P38?pid=P00312625&mcid=42383&medium=link&campaign=YonderBKK,nature,🌿,Living Green Elephant Sanctuary
Barcelona,BCN,https://www.getyourguide.com/barcelona-l45/guided-tour-of-sagrada-familia-gaudi-s-dream-t1017101/?partner_id=DEYJUF3&utm_medium=online_publisher&cmp=YonderBCN,explorer,🗺,Sagrada Familia Gaudi Dream
Barcelona,BCN,https://www.getyourguide.com/barcelona-l45/montserrat-monastery-ticket-with-escolania-boys-choir-t948384/?partner_id=DEYJUF3&utm_medium=online_publisher&cmp=YonderBCN,culture,🎟,Montserrat Monastery Escolania
Barcelona,BCN,https://www.getyourguide.com/barcelona-l45/barcelona-house-of-candy-entrance-ticket-t1031804/?partner_id=DEYJUF3&utm_medium=online_publisher&cmp=YonderBCN,culture,🎟,Barcelona House Candy Entrance
Barcelona,BCN,https://www.viator.com/tours/Barcelona/Breakfast-in-Spain-and-Lunch-in-France-road-trip-from-Bcn/d562-120041P10?pid=P00312625&mcid=42383&medium=link&campaign=YonderBCN,foodie,🍜,Breakfast Spain Lunch France
Barcelona,BCN,https://www.viator.com/tours/Barcelona/Barcelona-in-One-Day-Sagrada-Familia-Park-Guell-and-Old-Town-with-Hotel-Pick-up/d562-9866P21?pid=P00312625&mcid=42383&medium=link&campaign=YonderBCN,explorer,🗺,Barcelona One Sagrada Familia
Barcelona,BCN,https://www.viator.com/tours/Barcelona/Kayaking-and-Snorkeling/d562-43217P5?pid=P00312625&mcid=42383&medium=link&campaign=YonderBCN,adventure,🏔,Kayaking Snorkeling
Berlin,BER,https://www.getyourguide.com/berlin-l17/berlin-tickets-to-the-computer-games-museum-t43642/?partner_id=DEYJUF3&utm_medium=online_publisher&cmp=YonderBER,history,🏛,Berlin Tickets Computer Games
Berlin,BER,https://www.getyourguide.com/berlin-l17/berlin-disgusting-food-museum-entry-ticket-and-tasting-t407789/?partner_id=DEYJUF3&utm_medium=online_publisher&cmp=YonderBER,foodie,🍜,Berlin Disgusting Food Museum
Berlin,BER,https://www.getyourguide.com/berlin-l17/berlin-laughing-spree-comedy-show-on-a-boat-t438563/?partner_id=DEYJUF3&utm_medium=online_publisher&cmp=YonderBER,adventure,🏔,Berlin Laughing Spree Comedy
Berlin,BER,https://www.viator.com/tours/Berlin/Final-Days-of-World-War-2-Walking-Tour-of-Berlin/d488-5560WAR?pid=P00312625&mcid=42383&medium=link&campaign=YonderBER,explorer,🗺,Final Days World War
Berlin,BER,https://www.viator.com/tours/Berlin/Sachsenhausen-Concentration-Camp-Tour-from-Berlin/d488-5560CAMP?pid=P00312625&mcid=42383&medium=link&campaign=YonderBER,explorer,🗺,Sachsenhausen Concentration Camp
Berlin,BER,https://www.viator.com/tours/Berlin/Small-Group-3-Hour-East-Berlin-Food-Walking-Tour/d488-7812P7?pid=P00312625&mcid=42383&medium=link&campaign=YonderBER,foodie,🍜,East Berlin Food Walking
Cairo,CAI,https://www.getyourguide.com/cairo-l92/old-cairo-guided-walk-tour-history-culture-street-bites-t1036708/?partner_id=DEYJUF3&utm_medium=online_publisher&cmp=YonderCAI,history,🏛,Old Cairo Walk History
Cairo,CAI,https://www.getyourguide.com/cairo-l92/cairo-quad-camel-ride-combo-tour-around-the-pyramids-t303558/?partner_id=DEYJUF3&utm_medium=online_publisher&cmp=YonderCAI,history,🏛,Cairo Quad Camel Ride
Cairo,CAI,https://www.getyourguide.com/cairo-l92/giza-sunrise-pyramids-and-sphinx-tour-with-camel-ride-t761664/?partner_id=DEYJUF3&utm_medium=online_publisher&cmp=YonderCAI,history,🏛,Giza Sunrise Pyramids Sphinx
Cairo,CAI,https://www.viator.com/tours/Cairo/Cairo-night-tour-with-market-dinner-and-free-felucca/d782-5558468P10?pid=P00312625&mcid=42383&medium=link&campaign=YonderCAI,foodie,🍜,Cairo Night Market Dinner
Cairo,CAI,https://www.viator.com/tours/Cairo/Day-Tour-to-the-Red-Sea-from-Cairo/d782-10726P25?pid=P00312625&mcid=42383&medium=link&campaign=YonderCAI,explorer,🗺,Red Sea Cairo
Cairo,CAI,https://www.viator.com/tours/Cairo/Nile-Dinner-Cruise-in-Cairo-with-Belly-Dancing-and-Hotel-Transfer/d782-175595P14?pid=P00312625&mcid=42383&medium=link&campaign=YonderCAI,foodie,🍜,Nile Dinner Cruise Cairo
Cancún,CUN,https://www.getyourguide.com/cancun-l150/cancun-puerto-morelos-reef-snorkeling-tour-seaside-lunch-t733586/?partner_id=DEYJUF3&utm_medium=online_publisher&cmp=YonderCUN,foodie,🍜,Cancun Puerto Morelos Reef
Cancún,CUN,https://www.getyourguide.com/cancun-l150/cancun-hip-hop-sessions-party-boat-t421410/?partner_id=DEYJUF3&utm_medium=online_publisher&cmp=YonderCUN,adventure,🏔,Cancun Hip Hop Sessions
Cancún,CUN,https://www.getyourguide.com/cancun-l150/coco-bongo-beach-party-regular-t405378/?partner_id=DEYJUF3&utm_medium=online_publisher&cmp=YonderCUN,nightlife,🍸,Coco Bongo Beach Party
Cancún,CUN,https://www.viator.com/tours/Cancun/Chichen-Itza-Plus-with-Cenote-Swim-and-Lunch/d631-5885P231?pid=P00312625&mcid=42383&medium=link&campaign=YonderCUN,foodie,🍜,Chichen Itza Plus Cenote
Cancún,CUN,https://www.viator.com/tours/Cancun/ATV-Jungle-Adventure-with-Cenote-and-Ziplines/d631-308891P15?pid=P00312625&mcid=42383&medium=link&campaign=YonderCUN,adventure,🏔,Atv Jungle Adventure Cenote
Cancún,CUN,https://www.viator.com/tours/Chichen-Itza/Guided-Tour-to-Chichen-Itza-and-Cenote-and-Valladolid-with-Lunch/d50526-343065P9?pid=P00312625&mcid=42383&medium=link&campaign=YonderCUN,foodie,🍜,Chichen Itza Cenote Valladolid
Dublin,DUB,https://www.getyourguide.com/dublin-l31/dublin-irish-rock-n-roll-museum-with-tour-in-english-t66357/?partner_id=DEYJUF3&utm_medium=online_publisher&cmp=YonderDUB,history,🏛,Dublin Irish Rock Roll
Dublin,DUB,https://www.getyourguide.com/dublin-l31/the-little-museum-of-dublin-famous-guided-tour-t658653/?partner_id=DEYJUF3&utm_medium=online_publisher&cmp=YonderDUB,history,🏛,Little Museum Dublin Famous
Dublin,DUB,https://www.getyourguide.com/dublin-l31/dark-dublin-torture-murder-mystery-t949767/?partner_id=DEYJUF3&utm_medium=online_publisher&cmp=YonderDUB,vibe,✨,Dark Dublin Torture Murder
Dublin,DUB,https://www.viator.com/tours/Dublin/Belfast-Walking-Tour-and-Giants-Causeway-Day-Tour-from-Dublin/d503-5300P3?pid=P00312625&mcid=42383&medium=link&campaign=YonderDUB,explorer,🗺,Belfast Walking Giants Causeway
Dublin,DUB,https://www.viator.com/tours/Dublin/Skip-the-Line-Guinness-Storehouse-Entrance-Ticket/d503-2776GUINNESS?pid=P00312625&mcid=42383&medium=link&campaign=YonderDUB,explorer,🗺,Guinness Storehouse Entrance
Dublin,DUB,https://www.viator.com/tours/Dublin/Cliffs-of-Moher-Tour-Including-Wild-Atlantic-Way-and-Galway-City-from-Dublin/d503-5300MOHER?pid=P00312625&mcid=42383&medium=link&campaign=YonderDUB,explorer,🗺,Cliffs Moher Wild Atlantic
Dubai,DXB,https://www.getyourguide.com/dubai-l173/dubai-1-hour-ain-boat-sightseeing-cruise-t109111/?partner_id=DEYJUF3&utm_medium=online_publisher&cmp=YonderDXB,adventure,🏔,Dubai Ain Boat Sightseeing
Dubai,DXB,https://www.getyourguide.com/dubai-l173/dubai-sunset-camel-trek-al-khayma-camp-stargazing-bbq-t105913/?partner_id=DEYJUF3&utm_medium=online_publisher&cmp=YonderDXB,foodie,🍜,Dubai Sunset Camel Trek
Dubai,DXB,https://www.getyourguide.com/dubai-l173/best-luxurious-5-star-dhow-cruise-sea-lounge-t756114/?partner_id=DEYJUF3&utm_medium=online_publisher&cmp=YonderDXB,adventure,🏔,Best Luxurious Star Dhow
Dubai,DXB,https://www.viator.com/tours/Dubai/Full-Day-Abu-Dhabi-City-Tour-with-Evening-Grand-Mosque-Visit-From-Dubai/d828-366848P4?pid=P00312625&mcid=42383&medium=link&campaign=YonderDXB,explorer,🗺,Abu Dhabi City Evening
Dubai,DXB,https://www.viator.com/tours/Dubai/Red-Dunes-By-Quad-Bike-Sandboarding-Camel-Ride-and-BB-Dinner/d828-91421P4?pid=P00312625&mcid=42383&medium=link&campaign=YonderDXB,foodie,🍜,Red Dunes Quad Bike
Dubai,DXB,https://www.viator.com/tours/Abu-Dhabi/Ferrari-World-Abu-Dhabi-Ticket-with-Optional-Transfer/d4474-465991P14?pid=P00312625&mcid=42383&medium=link&campaign=YonderDXB,experience,✨,Ferrari World Abu Dhabi
Hong Kong,HKG,https://www.getyourguide.com/hong-kong-l174/hong-kong-1-pub-crawl-with-all-you-can-drink-beverages-t33422/?partner_id=DEYJUF3&utm_medium=online_publisher&cmp=YonderHKG,nightlife,🍸,Hong Kong Pub Crawl
Hong Kong,HKG,https://www.getyourguide.com/hong-kong-l174/hong-kong-street-food-tour-with-locals-dim-sum-wonton-t140322/?partner_id=DEYJUF3&utm_medium=online_publisher&cmp=YonderHKG,foodie,🍜,Hong Kong Street Food
Hong Kong,HKG,https://www.getyourguide.com/hong-kong-l174/hong-kong-victoria-harbor-symphony-unlimited-drink-cruise-t194297/?partner_id=DEYJUF3&utm_medium=online_publisher&cmp=YonderHKG,adventure,🏔,Hong Kong Victoria Harbor
Hong Kong,HKG,https://www.viator.com/tours/Hong-Kong-SAR/Hong-Kong-in-depth-tour-with-Peak-Tram-Ride-and-Dim-Sum-Tasting/d35959-463879P1?pid=P00312625&mcid=42383&medium=link&campaign=YonderHKG,foodie,🍜,Hong Kong Depth Peak
Hong Kong,HKG,https://www.viator.com/tours/Hong-Kong-SAR/Afternoon-Kowloon-Walking-Tour/d35959-42990P5?pid=P00312625&mcid=42383&medium=link&campaign=YonderHKG,explorer,🗺,Afternoon Kowloon Walking
Hong Kong,HKG,https://www.viator.com/tours/Hong-Kong-SAR/CUSTOMISE-YOUR-VISIT-FULL-DAY-WITH-A-LOCAL-IN-HONG-KONG/d35959-30791P212?pid=P00312625&mcid=42383&medium=link&campaign=YonderHKG,explorer,🗺,Customise Your Visit Local
Istanbul,IST,https://www.getyourguide.com/istanbul-l56/istanbul-whirling-dervish-ceremony-next-to-hagia-sophia-t703555/?partner_id=DEYJUF3&utm_medium=online_publisher&cmp=YonderIST,culture,🎭,Istanbul Whirling Dervish
Istanbul,IST,https://www.getyourguide.com/istanbul-l56/istanbul-blue-mosque-guided-tour-t395709/?partner_id=DEYJUF3&utm_medium=online_publisher&cmp=YonderIST,explorer,🗺,Istanbul Blue Mosque
Istanbul,IST,https://www.getyourguide.com/istanbul-l56/beylerbeyi-palace-skip-the-line-ticket-with-audio-guide-t711691/?partner_id=DEYJUF3&utm_medium=online_publisher&cmp=YonderIST,history,🏛,Beylerbeyi Palace Audio Guide
Istanbul,IST,https://www.viator.com/tours/Goreme/2-Days-Cappadocia-Tour-from-Istanbul-by-plane-with-Optional-Balloon-Flight/d23271-122088P3?pid=P00312625&mcid=42383&medium=link&campaign=YonderIST,explorer,🗺,Days Cappadocia Istanbul Plane
Istanbul,IST,https://www.viator.com/tours/Istanbul/Turkish-Food-Night-and-Rooftop-Experience/d585-187026P2?pid=P00312625&mcid=42383&medium=link&campaign=YonderIST,foodie,🍜,Turkish Food Night Rooftop
Istanbul,IST,https://www.viator.com/tours/Istanbul/Private-Turkish-Bath-Tradition-Massages-Swimming-Pool-and-Sauna/d585-444064P1?pid=P00312625&mcid=42383&medium=link&campaign=YonderIST,explorer,🗺,Turkish Bath Tradition Massages
Kuala Lumpur,KUL,https://www.getyourguide.com/kuala-lumpur-l171/kuala-lumpur-putrajaya-tour-with-traditional-boat-cruise-t209247/?partner_id=DEYJUF3&utm_medium=online_publisher&cmp=YonderKUL,adventure,🏔,Kuala Lumpur Putrajaya
Kuala Lumpur,KUL,https://www.getyourguide.com/kuala-lumpur-l171/kuala-lumpurnight-city-tour-with-best-skyline-photo-stops-t1304942/?partner_id=DEYJUF3&utm_medium=online_publisher&cmp=YonderKUL,nightlife,🍸,Kuala Lumpurnight City Best
Kuala Lumpur,KUL,https://www.getyourguide.com/kuala-lumpur-l171/from-kuala-lumpur-private-genting-highlands-day-trip-t821594/?partner_id=DEYJUF3&utm_medium=online_publisher&cmp=YonderKUL,explorer,🗺,Kuala Lumpur Genting Highlands
Kuala Lumpur,KUL,https://www.viator.com/tours/Kuala-Lumpur/Ten-Wonders-Of-Kuala-Lumpur/d335-418743P5?pid=P00312625&mcid=42383&medium=link&campaign=YonderKUL,explorer,🗺,Ten Wonders Kuala Lumpur
Kuala Lumpur,KUL,https://www.viator.com/tours/Kuala-Lumpur/Kuala-Lumpur-Malacca-River-Cruise-and-Historical-Tour-with-Lunch/d335-6923P53?pid=P00312625&mcid=42383&medium=link&campaign=YonderKUL,foodie,🍜,Kuala Lumpur Malacca River
Kuala Lumpur,KUL,https://www.viator.com/tours/Petaling-Jaya/Batu-caves-with-Ramayana-Cave-and-Kanching-Waterfalls-Tour/d36684-5552644P29?pid=P00312625&mcid=42383&medium=link&campaign=YonderKUL,adventure,🏔,Batu Caves Ramayana Cave
Las Vegas,LAS,https://www.getyourguide.com/las-vegas-l58/1-vegas-club-crawl-with-party-bus-free-drinks-vip-entry-t1064588/?partner_id=DEYJUF3&utm_medium=online_publisher&cmp=YonderLAS,nightlife,🍸,Vegas Club Crawl Party
Las Vegas,LAS,https://www.getyourguide.com/las-vegas-l58/from-las-vegas-small-group-valley-of-fire-tour-t356680/?partner_id=DEYJUF3&utm_medium=online_publisher&cmp=YonderLAS,nature,🌿,Las Vegas Valley Fire
Las Vegas,LAS,https://www.getyourguide.com/las-vegas-l58/las-vegas-the-mob-museum-t38523/?partner_id=DEYJUF3&utm_medium=online_publisher&cmp=YonderLAS,history,🏛,Las Vegas Mob Museum
Las Vegas,LAS,https://www.viator.com/tours/Las-Vegas/Deluxe-Las-Vegas-Helicopter-Night-Flight-with-VIP-Transportation/d684-5516ST5?pid=P00312625&mcid=42383&medium=link&campaign=YonderLAS,nightlife,🍸,Deluxe Las Vegas Helicopter
Las Vegas,LAS,https://www.viator.com/tours/Las-Vegas/Grand-Canyon-West-Rim-Tour-with-Options-from-Las-Vegas/d684-60136P20?pid=P00312625&mcid=42383&medium=link&campaign=YonderLAS,adventure,🏔,Grand Canyon West Rim
Las Vegas,LAS,https://www.viator.com/tours/Las-Vegas/Kayak-Emerald-Cave-Express/d684-240046P1?pid=P00312625&mcid=42383&medium=link&campaign=YonderLAS,adventure,🏔,Kayak Emerald Cave Express
Lisbon,LIS,https://www.getyourguide.com/lisbon-l42/lisbon-the-world-of-banksy-immersive-art-experience-ticket-t433705/?partner_id=DEYJUF3&utm_medium=online_publisher&cmp=YonderLIS,culture,🎟,Lisbon World Banksy Immersive
Lisbon,LIS,https://www.getyourguide.com/sintra-l99/sintra-monserrate-palace-park-ticket-t156750/?partner_id=DEYJUF3&utm_medium=online_publisher&cmp=YonderLIS,history,🏛,Sintra Monserrate Palace Park
Lisbon,LIS,https://www.getyourguide.com/lisbon-l42/arch-of-rua-augusta-entrance-ticket-t225723/?partner_id=DEYJUF3&utm_medium=online_publisher&cmp=YonderLIS,culture,🎟,Arch Rua Augusta Entrance
Lisbon,LIS,https://www.viator.com/tours/Lisbon/Private-Tour-FATIMA-FULL-DAY-Fatima-Batalha-Nazare-and-Obidos/d538-70110P8?pid=P00312625&mcid=42383&medium=link&campaign=YonderLIS,explorer,🗺,Fatima Fatima Batalha Nazare
Lisbon,LIS,https://www.viator.com/tours/Lisbon/Lisbon-2-Hour-Small-Group-Sailing-Tour/d538-15420P3?pid=P00312625&mcid=42383&medium=link&campaign=YonderLIS,adventure,🏔,Lisbon Sailing
Lisbon,LIS,https://www.viator.com/tours/Lisbon/Treasures-of-Lisboa-Food-Tours/d538-134299P1?pid=P00312625&mcid=42383&medium=link&campaign=YonderLIS,foodie,🍜,Treasures Lisboa Food Tours
London,LHR,https://www.getyourguide.com/london-l57/simply-stonehenge-morning-tour-t16096/?partner_id=DEYJUF3&utm_medium=online_publisher&cmp=YonderLHR,explorer,🗺,Simply Stonehenge Morning
London,LHR,https://www.getyourguide.com/london-l57/jazz-notes-jazz-jam-spice-of-life-soho-t478396/?partner_id=DEYJUF3&utm_medium=online_publisher&cmp=YonderLHR,nightlife,🍸,Jazz Notes Jazz Jam
London,LHR,https://www.getyourguide.com/london-l57/london-jack-the-ripper-night-walking-tour-in-whitechapel-t654723/?partner_id=DEYJUF3&utm_medium=online_publisher&cmp=YonderLHR,nightlife,🍸,London Jack Ripper Night
London,LHR,https://www.viator.com/tours/London/Luxury-Paris-Day-Trip-with-Champagne-Lunch-on-the-Eiffel-Tower/d737-2452T29?pid=P00312625&mcid=42383&medium=link&campaign=YonderLHR,foodie,🍜,Luxury Paris Trip Champagne
London,LHR,https://www.viator.com/tours/London/Harry-Potter-Tour-of-Warner-Bros-Studio-in-London/d737-2452POTTER?pid=P00312625&mcid=42383&medium=link&campaign=YonderLHR,explorer,🗺,Harry Potter Warner Bros
London,LHR,https://www.viator.com/tours/London/Tower-of-London-Entrance-Ticket-Including-Crown-Jewels/d737-3251TOW?pid=P00312625&mcid=42383&medium=link&campaign=YonderLHR,explorer,🗺,Tower London Entrance Crown
Los Angeles,LAX,https://www.getyourguide.com/los-angeles-l179/hollywood-30-min-hollywood-sign-ferrari-tour-t573281/?partner_id=DEYJUF3&utm_medium=online_publisher&cmp=YonderLAX,experience,✨,Hollywood Min Hollywood Sign
Los Angeles,LAX,https://www.getyourguide.com/los-angeles-l179/marina-del-rey-sunset-cruise-with-wine-and-cheese-board-t409166/?partner_id=DEYJUF3&utm_medium=online_publisher&cmp=YonderLAX,foodie,🍜,Marina Del Rey Sunset
Los Angeles,LAX,https://www.getyourguide.com/los-angeles-l179/los-angeles-hollywood-beverly-hills-and-beaches-tour-t1145720/?partner_id=DEYJUF3&utm_medium=online_publisher&cmp=YonderLAX,nature,🌿,Los Angeles Hollywood Beverly
Los Angeles,LAX,https://www.viator.com/tours/Los-Angeles/Los-Angeles-City-Tour-By-Night/d645-3638_3B?pid=P00312625&mcid=42383&medium=link&campaign=YonderLAX,nightlife,🍸,Los Angeles City Night
Los Angeles,LAX,https://www.viator.com/tours/Los-Angeles/Hollywood-Sign-Driving-Tour-in-a-Ferrari/d645-55860P1?pid=P00312625&mcid=42383&medium=link&campaign=YonderLAX,experience,✨,Hollywood Sign Driving Ferrari
Los Angeles,LAX,https://www.viator.com/tours/Los-Angeles/Los-Angeles-VIP-Tour/d645-169203P1?pid=P00312625&mcid=42383&medium=link&campaign=YonderLAX,explorer,🗺,LA VIP Tour
Madrid,MAD,https://www.getyourguide.com/madrid-l46/from-madrid-avila-and-segovia-full-day-tour-t408853/?partner_id=DEYJUF3&utm_medium=online_publisher&cmp=YonderMAD,explorer,🗺,Madrid Avila Segovia
Madrid,MAD,https://www.getyourguide.com/arroyomolinos-l168353/madrid-atlantis-aquarium-entry-ticket-t402239/?partner_id=DEYJUF3&utm_medium=online_publisher&cmp=YonderMAD,culture,🎟,Madrid Atlantis Aquarium
Madrid,MAD,https://www.getyourguide.com/madrid-l46/madrid-oxo-video-game-museum-t889225/?partner_id=DEYJUF3&utm_medium=online_publisher&cmp=YonderMAD,history,🏛,Madrid Oxo Video Game
Madrid,MAD,https://www.viator.com/tours/Madrid/Madrid-Tapas-and-Wine-Tasting-Tour/d566-5830WINETAPAS?pid=P00312625&mcid=42383&medium=link&campaign=YonderMAD,foodie,🍜,Madrid Tapas Wine Tasting
Madrid,MAD,https://www.viator.com/tours/Madrid/Essential-Flamenco-Admission-Ticket/d566-86817P1?pid=P00312625&mcid=42383&medium=link&campaign=YonderMAD,culture,🎭,Essential Flamenco
Madrid,MAD,https://www.viator.com/tours/Madrid/Paella-and-Sangria-Workshop-in-Central-Madrid/d566-139578P7?pid=P00312625&mcid=42383&medium=link&campaign=YonderMAD,foodie,🍜,Paella Sangria Workshop Central
Marrakech,RAK,https://www.getyourguide.com/marrakesh-l208/marrakech-el-badi-palace-entry-ticket-wth-souvenir-postcard-t1295436/?partner_id=DEYJUF3&utm_medium=online_publisher&cmp=YonderRAK,history,🏛,Marrakech Badi Palace Wth
Marrakech,RAK,https://www.getyourguide.com/marrakesh-l208/marrakech-ouzoud-waterfalls-sunset-tour-moroccan-dinner-t1382528/?partner_id=DEYJUF3&utm_medium=online_publisher&cmp=YonderRAK,foodie,🍜,Marrakech Ouzoud Waterfalls
Marrakech,RAK,https://www.getyourguide.com/marrakesh-l208/marrakech-saadian-tombs-entry-ticket-with-digital-guide-app-t1202374/?partner_id=DEYJUF3&utm_medium=online_publisher&cmp=YonderRAK,history,🏛,Marrakech Saadian Tombs Digital
Marrakech,RAK,https://www.viator.com/tours/Marrakech/Marrakech-Ourika-Valley-Atlas-Mountains-Waterfall-Trek-and-Lunch/d5408-481395P2?pid=P00312625&mcid=42383&medium=link&campaign=YonderRAK,foodie,🍜,Marrakech Ourika Valley Atlas
Marrakech,RAK,https://www.viator.com/tours/Marrakech/Full-Day-Trip-from-Marrakech-to-the-Atlas-Mountains-3-Valleys-through-Berber-Villages/d5408-25014P1?pid=P00312625&mcid=42383&medium=link&campaign=YonderRAK,adventure,🏔,Trip Marrakech Atlas Mountains
Marrakech,RAK,https://www.viator.com/tours/Marrakech/discover-true-Berber-Valley-and-camel-rid-in-atlas-montains/d5408-127316P3?pid=P00312625&mcid=42383&medium=link&campaign=YonderRAK,adventure,🏔,Discover True Berber Valley
Mexico City,MEX,https://www.getyourguide.com/mexico-city-l194/mexico-city-kayak-experiences-in-hidden-xochimilco-t1092748/?partner_id=DEYJUF3&utm_medium=online_publisher&cmp=YonderMEX,adventure,🏔,Mexico City Kayak Experiences
Mexico City,MEX,https://www.getyourguide.com/mexico-city-l194/mexico-city-skip-the-line-entrance-to-the-anthropology-museum-t1295439/?partner_id=DEYJUF3&utm_medium=online_publisher&cmp=YonderMEX,history,🏛,Mexico City Entrance
Mexico City,MEX,https://www.getyourguide.com/mexico-city-l194/cdmx-pub-crawl-guided-pub-crawl-with-party-games-t543332/?partner_id=DEYJUF3&utm_medium=online_publisher&cmp=YonderMEX,nightlife,🍸,Cdmx Pub Crawl Pub
Mexico City,MEX,https://www.viator.com/tours/Mexico-City/San-Juan-Market-Tour-and-Mexican-cuisine-class/d628-5885P363?pid=P00312625&mcid=42383&medium=link&campaign=YonderMEX,foodie,🍜,San Juan Market Mexican
Mexico City,MEX,https://www.viator.com/tours/Mexico-City/Live-Wrestling-from-the-Best-Area-of-the-Arena-Mexico/d628-5579330P2?pid=P00312625&mcid=42383&medium=link&campaign=YonderMEX,explorer,🗺,Live Wrestling Best Area
Mexico City,MEX,https://www.viator.com/tours/Mexico-City/Coyoacan-Frida-Kahlo-and-Xochimilco-Private-Tour/d628-193670P2?pid=P00312625&mcid=42383&medium=link&campaign=YonderMEX,explorer,🗺,Coyoacan Frida Kahlo Xochimilco
Miami,MIA,https://www.getyourguide.com/miami-l176/miami-museum-of-sex-entry-ticket-t864941/?partner_id=DEYJUF3&utm_medium=online_publisher&cmp=YonderMIA,history,🏛,Miami Museum Sex
Miami,MIA,https://www.getyourguide.com/miami-l176/jet-ski-miami-experience-the-ultimate-water-fun--t409500/?partner_id=DEYJUF3&utm_medium=online_publisher&cmp=YonderMIA,vibe,✨,Jet Ski Miami Ultimate
Miami,MIA,https://www.getyourguide.com/miami-l176/perez-art-museum-miami-entry-ticket-t1280005/?partner_id=DEYJUF3&utm_medium=online_publisher&cmp=YonderMIA,history,🏛,Perez Art Museum Miami
Miami,MIA,https://www.viator.com/tours/Miami/Superblue-Miami/d662-293891P1?pid=P00312625&mcid=42383&medium=link&campaign=YonderMIA,explorer,🗺,Superblue Miami
Miami,MIA,https://www.viator.com/tours/Miami/Miami-Sightseeing-Cruise-to-Millionaires-Homes/d662-28744P2?pid=P00312625&mcid=42383&medium=link&campaign=YonderMIA,adventure,🏔,Miami Sightseeing Cruise
Miami,MIA,https://www.viator.com/tours/Miami/Miami-City-Tour/d662-5493174P5?pid=P00312625&mcid=42383&medium=link&campaign=YonderMIA,explorer,🗺,Miami City
Montreal,YUL,https://www.getyourguide.com/montreal-l195/montreal-best-of-montreal-small-group-food-walking-tour-t459813/?partner_id=DEYJUF3&utm_medium=online_publisher&cmp=YonderYUL,foodie,🍜,Montreal Best Montreal Food
Montreal,YUL,https://www.getyourguide.com/montreal-l195/pro-standup-comedy-show-at-the-sound-society-t1413412/?partner_id=DEYJUF3&utm_medium=online_publisher&cmp=YonderYUL,nightlife,🍸,Pro Standup Comedy Show
Montreal,YUL,https://www.getyourguide.com/montreal-l195/no-diet-club-unique-local-food-tour-in-montreal--t644293/?partner_id=DEYJUF3&utm_medium=online_publisher&cmp=YonderYUL,foodie,🍜,Diet Club Unique Local
Montreal,YUL,https://www.viator.com/tours/Montreal/Montreal-City-Hop-on-Hop-off-Tour/d625-3355C1A?pid=P00312625&mcid=42383&medium=link&campaign=YonderYUL,explorer,🗺,Montreal City Hop Hop
Montreal,YUL,https://www.viator.com/tours/Montreal/Old-Montreal-Ghost-Walking-Tour/d625-3631GHOST?pid=P00312625&mcid=42383&medium=link&campaign=YonderYUL,history,🏛,Old Montreal Ghost Walking
Montreal,YUL,https://www.viator.com/tours/Montreal/Quebec-City-and-Montmorency-Falls-Day-Trip-from-Montreal/d625-3355C7?pid=P00312625&mcid=42383&medium=link&campaign=YonderYUL,explorer,🗺,Quebec City Montmorency Falls
New York,NYC,https://www.getyourguide.com/new-york-city-l59/new-york-city-catacombs-by-candlelight-t282727/?partner_id=DEYJUF3&utm_medium=online_publisher&cmp=YonderNYC,history,🏛,New York City Catacombs
New York,NYC,https://www.getyourguide.com/new-york-city-l59/nyc-golden-hour-cruise-2hr-t1324005/?partner_id=DEYJUF3&utm_medium=online_publisher&cmp=YonderNYC,adventure,🏔,Nyc Golden Cruise 2Hr
New York,NYC,https://www.getyourguide.com/new-york-city-l59/nyc-museum-of-sex-entry-ticket-t432140/?partner_id=DEYJUF3&utm_medium=online_publisher&cmp=YonderNYC,history,🏛,Nyc Museum Sex
New York,NYC,https://www.viator.com/tours/New-York-City/Edge-Observation-Deck-General-Admission/d687-76823P1?pid=P00312625&mcid=42383&medium=link&campaign=YonderNYC,experience,✨,Edge Observation Deck General
New York,NYC,https://www.viator.com/tours/New-York-City/3-Hour-Greenwich-Village-Food-Tour/d687-428219P5?pid=P00312625&mcid=42383&medium=link&campaign=YonderNYC,foodie,🍜,Greenwich Village Food
New York,NYC,https://www.viator.com/tours/New-York-City/Central-Park-Horse-and-Carriage-Ride/d687-116336P1?pid=P00312625&mcid=42383&medium=link&campaign=YonderNYC,explorer,🗺,Central Park Horse Carriage
Orlando,MCO,https://www.getyourguide.com/orlando-l191/mco-orlando-international-airport-plaza-premium-lounge-t437078/?partner_id=DEYJUF3&utm_medium=online_publisher&cmp=YonderMCO,vibe,✨,Mco Orlando International
Orlando,MCO,https://www.getyourguide.com/kissimmee-l95369/kissimmee-old-town-ferris-wheel-attractions-and-dinner-t421390/?partner_id=DEYJUF3&utm_medium=online_publisher&cmp=YonderMCO,foodie,🍜,Kissimmee Old Town Ferris
Orlando,MCO,https://www.getyourguide.com/orlando-l191/orlando-museum-of-illusions-skip-the-line-admission-ticket-t395047/?partner_id=DEYJUF3&utm_medium=online_publisher&cmp=YonderMCO,history,🏛,Orlando Museum Illusions
Orlando,MCO,https://www.viator.com/tours/Orlando/Legoland-Florida/d663-5343ENTRY?pid=P00312625&mcid=42383&medium=link&campaign=YonderMCO,explorer,🗺,Legoland Florida
Orlando,MCO,https://www.viator.com/tours/Orlando/Polynesian-Fire-Luau-at-the-Orlando-Forum/d663-37177P6?pid=P00312625&mcid=42383&medium=link&campaign=YonderMCO,history,🏛,Polynesian Fire Luau Orlando
Orlando,MCO,https://www.viator.com/tours/Orlando/Bioluminescent-Paddle-Excursion-with-A-Paddle-in-Paradise/d663-357987P1?pid=P00312625&mcid=42383&medium=link&campaign=YonderMCO,explorer,🗺,Bioluminescent Paddle Excursion
Paris,CDG,https://www.getyourguide.com/paris-l16/night-at-the-louvre-museum-6-people-max-guided-exploration-t764147/?partner_id=DEYJUF3&utm_medium=online_publisher&cmp=YonderCDG,history,🏛,Night Louvre Museum People
Paris,CDG,https://www.getyourguide.com/paris-l16/paris-photoshoot-near-the-eiffel-tower-t891663/?partner_id=DEYJUF3&utm_medium=online_publisher&cmp=YonderCDG,vibe,✨,Paris Photoshoot Near Eiffel
Paris,CDG,https://www.getyourguide.com/paris-l16/paris-sainte-chapelle-and-conciergerie-tour-with-tickets-t525225/?partner_id=DEYJUF3&utm_medium=online_publisher&cmp=YonderCDG,explorer,🗺,Paris Sainte Chapelle
Paris,CDG,https://www.viator.com/tours/Paris/Big-Bus-Paris-Hop-On-Hop-Off-Tour/d479-6602PARHOHO?pid=P00312625&mcid=42383&medium=link&campaign=YonderCDG,explorer,🗺,Big Bus Paris Hop
Paris,CDG,https://www.viator.com/tours/Paris/Normandy-D-Day-Landing-Beaches-Tour-including-Omaha-Beach-Cider-Tasting-and-Lunch/d479-3731NORMANDY?pid=P00312625&mcid=42383&medium=link&campaign=YonderCDG,foodie,🍜,Normandy Landing Beaches Omaha
Paris,CDG,https://www.viator.com/tours/Paris/Skip-the-Line-Chateaux-de-Chambord-Chenonceau-and-Loire-Valley-Wine-Tasting-Day-Trip-from-Paris/d479-3731LOIRE?pid=P00312625&mcid=42383&medium=link&campaign=YonderCDG,foodie,🍜,Chateaux Chambord Chenonceau
Prague,PRG,https://www.getyourguide.com/prague-l10/prague-vltava-river-cruise-in-jazz-style-and-commentary-t1056861/?partner_id=DEYJUF3&utm_medium=online_publisher&cmp=YonderPRG,adventure,🏔,Prague Vltava River Cruise
Prague,PRG,https://www.getyourguide.com/prague-l10/duplex-the-rooftop-club-entry-ticket-in-prague-t1275322/?partner_id=DEYJUF3&utm_medium=online_publisher&cmp=YonderPRG,nightlife,🍸,Duplex Rooftop Club Prague
Prague,PRG,https://www.getyourguide.com/prague-l10/prague-fear-house-best-haunting-experience-in-prague-t815920/?partner_id=DEYJUF3&utm_medium=online_publisher&cmp=YonderPRG,history,🏛,Prague Fear House Best
Prague,PRG,https://www.viator.com/tours/Prague/Prague-Oldtown-and-Medieval-Underground-and-Dungeon-Tour/d462-52397P1?pid=P00312625&mcid=42383&medium=link&campaign=YonderPRG,history,🏛,Prague Oldtown Medieval
Prague,PRG,https://www.viator.com/tours/Prague/THE-BEST-of-2-Countries-in-1-Day-Top-Highlights-of-Bohemian-and-Saxon-Switzerland/d462-72192P3?pid=P00312625&mcid=42383&medium=link&campaign=YonderPRG,adventure,🏔,Bohemian Switzerland Day
Prague,PRG,https://www.viator.com/tours/Prague/One-Day-See-It-All-Prague-Tour-with-extra-River-Boat-Cruise/d462-8367P20?pid=P00312625&mcid=42383&medium=link&campaign=YonderPRG,adventure,🏔,One See All Prague
Rio de Janeiro,RIO,https://www.getyourguide.com/rio-de-janeiro-l9/tijuca-forest-adventure-history-half-day-hike-t403975/?partner_id=DEYJUF3&utm_medium=online_publisher&cmp=YonderRIO,history,🏛,Tijuca Forest Adventure History
Rio de Janeiro,RIO,https://www.getyourguide.com/rio-de-janeiro-l9/rio-de-janeiro-favela-santa-marta-experience-tour-t140271/?partner_id=DEYJUF3&utm_medium=online_publisher&cmp=YonderRIO,explorer,🗺,Rio Janeiro Favela Santa
Rio de Janeiro,RIO,https://www.getyourguide.com/rio-de-janeiro-l9/rio-ginga-tropical-samba-and-folklore-show-ticket-t479871/?partner_id=DEYJUF3&utm_medium=online_publisher&cmp=YonderRIO,culture,🎭,Rio Ginga Tropical Samba
Rio de Janeiro,RIO,https://www.viator.com/tours/Rio-de-Janeiro/Arraial-do-Cabo-with-Boat-Tour-and-Lunch/d712-21715P53?pid=P00312625&mcid=42383&medium=link&campaign=YonderRIO,foodie,🍜,Arraial Cabo Boat Lunch
Rio de Janeiro,RIO,https://www.viator.com/tours/Rio-de-Janeiro/Hang-Gliding-and-Paragliding-with-Beto-Rotor/d712-186670P1?pid=P00312625&mcid=42383&medium=link&campaign=YonderRIO,adventure,🏔,Hang Gliding Paragliding Beto
Rio de Janeiro,RIO,https://www.viator.com/tours/Rio-de-Janeiro/Best-Spots-on-Tijuca-Forest-Tijuca-National-Park-Tour/d712-13847P2?pid=P00312625&mcid=42383&medium=link&campaign=YonderRIO,adventure,🏔,Best Spots Tijuca Forest
Rome,FCO,https://www.getyourguide.com/rome-l33/rome-dome-climb-entry-ticket-with-audio-guide-t1277499/?partner_id=DEYJUF3&utm_medium=online_publisher&cmp=YonderFCO,culture,🎟,Rome Dome Climb Audio
Rome,FCO,https://www.getyourguide.com/rome-l33/rome-colosseum-gladiator-floor-access-roman-forum-tour-t633431/?partner_id=DEYJUF3&utm_medium=online_publisher&cmp=YonderFCO,history,🏛,Rome Colosseum Gladiator Floor
Rome,FCO,https://www.getyourguide.com/rome-l33/trevi-fountain-subterranean-aqueducts-guided-tour-t1251833/?partner_id=DEYJUF3&utm_medium=online_publisher&cmp=YonderFCO,explorer,🗺,Trevi Fountain Subterranean
Rome,FCO,https://www.viator.com/tours/Rome/Big-Bus-Rome-Hop-on-Hop-off-Tour/d511-39333ROMEHOHO?pid=P00312625&mcid=42383&medium=link&campaign=YonderFCO,explorer,🗺,Big Bus Rome Hop
Rome,FCO,https://www.viator.com/tours/Vatican-City/Sistine-Chapel-Skip-The-Line-Ticket/d60477-171686P3?pid=P00312625&mcid=42383&medium=link&campaign=YonderFCO,history,🏛,Sistine Chapel
Rome,FCO,https://www.viator.com/tours/Rome/Amalfi-Coast-and-Positano-Day-Trip-from-Rome-with-Coastal-Cruise/d511-3731P271?pid=P00312625&mcid=42383&medium=link&campaign=YonderFCO,adventure,🏔,Amalfi Coast Positano Trip
San Francisco,SFO,https://www.getyourguide.com/san-francisco-l61/from-san-francisco-muir-woods-sausalito-group-tour-t404651/?partner_id=DEYJUF3&utm_medium=online_publisher&cmp=YonderSFO,explorer,🗺,San Francisco Muir Woods
San Francisco,SFO,https://www.getyourguide.com/san-francisco-l61/san-francisco-ghost-tours-gold-and-ghouls-t319853/?partner_id=DEYJUF3&utm_medium=online_publisher&cmp=YonderSFO,history,🏛,San Francisco Ghost Tours
San Francisco,SFO,https://www.getyourguide.com/san-francisco-l61/san-francisco-haight-ashbury-walking-tour-t1160544/?partner_id=DEYJUF3&utm_medium=online_publisher&cmp=YonderSFO,explorer,🗺,San Francisco Haight Ashbury
San Francisco,SFO,https://www.viator.com/tours/San-Francisco/Napa-and-Sonoma-Wine-Country-Tour/d651-2660SFOWIN?pid=P00312625&mcid=42383&medium=link&campaign=YonderSFO,foodie,🍜,Napa Sonoma Wine Country
San Francisco,SFO,https://www.viator.com/tours/San-Francisco/Chinatown-and-North-Beach-Night-Walking-Tour/d651-3327NIGHT?pid=P00312625&mcid=42383&medium=link&campaign=YonderSFO,nightlife,🍸,Chinatown North Beach Night
San Francisco,SFO,https://www.viator.com/tours/San-Francisco/Small-Group-Yosemite-Tour-from-San-Francisco/d651-3454_B0016?pid=P00312625&mcid=42383&medium=link&campaign=YonderSFO,explorer,🗺,Yosemite San Francisco
Seoul,ICN,https://www.getyourguide.com/seoul-l197/seoul-120-min-gwanghwamun-tour-to-understand-south-korean-t1071916/?partner_id=DEYJUF3&utm_medium=online_publisher&cmp=YonderICN,explorer,🗺,Seoul 120 Min Gwanghwamun
Seoul,ICN,https://www.getyourguide.com/seoul-l197/seoul-dmz-tunnel-observatory-nk-defector-jsa-photo-zone-t1344620/?partner_id=DEYJUF3&utm_medium=online_publisher&cmp=YonderICN,vibe,✨,Seoul Dmz Tunnel Observatory
Seoul,ICN,https://www.getyourguide.com/seoul-l197/seoul-insa-traditional-chopstick-making-workshop-t1313741/?partner_id=DEYJUF3&utm_medium=online_publisher&cmp=YonderICN,experience,✨,Seoul Insa Traditional Chopstick
Seoul,ICN,https://www.viator.com/tours/Seoul/Watching-basketball-match-in-Seoul-and-local-food-experience/d973-362759P2?pid=P00312625&mcid=42383&medium=link&campaign=YonderICN,foodie,🍜,Watching Basketball Match Seoul
Seoul,ICN,https://www.viator.com/tours/Seoul/Night-Market-Food-Tour-in-Seoul/d973-218381P1?pid=P00312625&mcid=42383&medium=link&campaign=YonderICN,foodie,🍜,Night Market Food Seoul
Seoul,ICN,https://www.viator.com/tours/Seoul/Full-Day-Small-Group-Royal-Palace-and-Seoul-Tour/d973-30023P3?pid=P00312625&mcid=42383&medium=link&campaign=YonderICN,history,🏛,Royal Palace Seoul
Singapore,SIN,https://www.getyourguide.com/singapore-l170/jewel-changi-airport-canopy-bridge-admission-ticket-t397863/?partner_id=DEYJUF3&utm_medium=online_publisher&cmp=YonderSIN,culture,🎟,Jewel Changi Airport Canopy
Singapore,SIN,https://www.getyourguide.com/singapore-l170/singapore-guided-street-food-tour-at-night-t295825/?partner_id=DEYJUF3&utm_medium=online_publisher&cmp=YonderSIN,foodie,🍜,Singapore Street Food Night
Singapore,SIN,https://www.getyourguide.com/singapore-l170/private-onsen-by-joya-onsen-cafe-t622070/?partner_id=DEYJUF3&utm_medium=online_publisher&cmp=YonderSIN,experience,✨,Onsen Joya Onsen Cafe
Singapore,SIN,https://www.viator.com/tours/Singapore/Small-Group-Michelin-and-Local-Hawker-Food-Tour/d60449-45610P13?pid=P00312625&mcid=42383&medium=link&campaign=YonderSIN,foodie,🍜,Michelin Local Hawker Food
Singapore,SIN,https://www.viator.com/tours/Singapore/Sky-High-Views-at-Singapore-OCBC-Skyway-Entry-Ticket/d60449-226483P105?pid=P00312625&mcid=42383&medium=link&campaign=YonderSIN,experience,✨,Sky High Views Singapore
Singapore,SIN,https://www.viator.com/tours/Singapore/Marina-Bay-Sands-Observation-Deck-E-Ticket/d60449-242747P51?pid=P00312625&mcid=42383&medium=link&campaign=YonderSIN,experience,✨,Marina Bay Sands Observation
Sydney,SYD,https://www.getyourguide.com/sydney-l200/breakfast-with-koalas-at-wild-life-zoo-sydney-harbour-t64053/?partner_id=DEYJUF3&utm_medium=online_publisher&cmp=YonderSYD,nature,🌿,Breakfast Koalas Wild Life
Sydney,SYD,https://www.getyourguide.com/sydney-l200/sydney-the-rocks-90-minute-history-walking-tour-t47587/?partner_id=DEYJUF3&utm_medium=online_publisher&cmp=YonderSYD,history,🏛,Sydney Rocks Minute History
Sydney,SYD,https://www.getyourguide.com/sydney-l200/sydney-secret-coastline-kiama-blowhole-wollongong-wildlife-t1288051/?partner_id=DEYJUF3&utm_medium=online_publisher&cmp=YonderSYD,nature,🌿,Sydney Secret Coastline Kiama
Sydney,SYD,https://www.viator.com/tours/Sydney/Sydney-and-Bondi-Hop-on-Hop-off-Tour/d357-5010SYDNEY?pid=P00312625&mcid=42383&medium=link&campaign=YonderSYD,explorer,🗺,Sydney Bondi Hop Hop
Sydney,SYD,https://www.viator.com/tours/Sydney/Blue-Mountains-Zig-Zag-Tour-inc-Scenic-World-3-Sisters-and-Cruise/d357-108928P33?pid=P00312625&mcid=42383&medium=link&campaign=YonderSYD,adventure,🏔,Blue Mountains Zig Zag
Sydney,SYD,https://www.viator.com/tours/Sydney/Sydney-Harbour-Discovery-Dinner-Cruise-Scenic-Sights-and-Buffet/d357-5951P25?pid=P00312625&mcid=42383&medium=link&campaign=YonderSYD,foodie,🍜,Sydney Harbour Discovery Dinner
Tokyo,NRT,https://www.getyourguide.com/tokyo-l193/tokyo-shinjuku-sumo-show-experience-with-photo-t1042988/?partner_id=DEYJUF3&utm_medium=online_publisher&cmp=YonderNRT,experience,✨,Tokyo Shinjuku Sumo Show
Tokyo,NRT,https://www.getyourguide.com/tokyo-l193/edo-wonderland-nikko-edomura-cultural-theme-park-ticket-t189810/?partner_id=DEYJUF3&utm_medium=online_publisher&cmp=YonderNRT,culture,🎟,Edo Wonderland Nikko Edomura
Tokyo,NRT,https://www.getyourguide.com/tokyo-l193/tokyo-samurai-ninja-museum-guided-tour-and-experience-t598372/?partner_id=DEYJUF3&utm_medium=online_publisher&cmp=YonderNRT,history,🏛,Tokyo Samurai Ninja Museum
Tokyo,NRT,https://www.viator.com/tours/Tokyo/Official-Street-Go-Kart-Tour-Shibuya/d334-57331P9?pid=P00312625&mcid=42383&medium=link&campaign=YonderNRT,experience,✨,Official Street Kart Shibuya
Tokyo,NRT,https://www.viator.com/tours/Tokyo/Mount-Fuji-Full-day-Tour-from-Tokyo-with-English-Speaking-Guide/d334-444978P1?pid=P00312625&mcid=42383&medium=link&campaign=YonderNRT,adventure,🏔,Mount Fuji Day Trip
Tokyo,NRT,https://www.viator.com/tours/Tokyo/Shinjuku-Authentic-Food-Experience-in-Tokyo/d334-5507368P3?pid=P00312625&mcid=42383&medium=link&campaign=YonderNRT,foodie,🍜,Shinjuku Authentic Food Tokyo
Toronto,YYZ,https://www.getyourguide.com/toronto-l177/toronto-downtown-party-bike-tour-with-bar-stops-t1329573/?partner_id=DEYJUF3&utm_medium=online_publisher&cmp=YonderYYZ,nightlife,🍸,Toronto Downtown Party Bike
Toronto,YYZ,https://www.getyourguide.com/toronto-l177/toronto-street-art-and-graffiti-tour-run-by-street-artist-t973574/?partner_id=DEYJUF3&utm_medium=online_publisher&cmp=YonderYYZ,explorer,🗺,Toronto Street Art Graffiti
Toronto,YYZ,https://www.getyourguide.com/toronto-l177/ripley-s-aquarium-sharks-after-dark-entry-after-5pm-t157584/?partner_id=DEYJUF3&utm_medium=online_publisher&cmp=YonderYYZ,culture,🎟,Ripley Aquarium Sharks After
Toronto,YYZ,https://www.viator.com/tours/Toronto/Toronto-Harbour-Sightseeing-Cruise/d623-5868CRUISE?pid=P00312625&mcid=42383&medium=link&campaign=YonderYYZ,adventure,🏔,Toronto Harbour Sightseeing
Toronto,YYZ,https://www.viator.com/tours/Toronto/Kensington-Market-Torontos-Neighborhood-International-Food-Tour/d623-49842P1?pid=P00312625&mcid=42383&medium=link&campaign=YonderYYZ,foodie,🍜,Kensington Market Torontos
Toronto,YYZ,https://www.viator.com/tours/Toronto/Niagara-Falls-Day-Tour-from-Toronto/d623-7620P1?pid=P00312625&mcid=42383&medium=link&campaign=YonderYYZ,explorer,🗺,Niagara Falls Toronto
Vancouver,YVR,https://www.getyourguide.com/vancouver-l189/whistler-sea-to-sky-gondola-and-shannon-falls-day-trip-t107560/?partner_id=DEYJUF3&utm_medium=online_publisher&cmp=YonderYVR,adventure,🏔,Whistler Sea Sky Gondola
Vancouver,YVR,https://www.getyourguide.com/vancouver-l189/vancouver-underground-comedy-club-entry-ticket-t683052/?partner_id=DEYJUF3&utm_medium=online_publisher&cmp=YonderYVR,history,🏛,Vancouver Underground Comedy
Vancouver,YVR,https://www.getyourguide.com/vancouver-l189/vancouver-street-art-craft-coffee-walking-tour-w-tasting-t431577/?partner_id=DEYJUF3&utm_medium=online_publisher&cmp=YonderYVR,explorer,🗺,Vancouver Street Art Craft
Vancouver,YVR,https://www.viator.com/tours/Vancouver/Half-Day-Whale-Watching-Adventure-from-Vancouver/d616-5882P9?pid=P00312625&mcid=42383&medium=link&campaign=YonderYVR,adventure,🏔,Whale Watching Adventure
Vancouver,YVR,https://www.viator.com/tours/Vancouver/Vancouver-Seaplane-Tour/d616-3020_VAN1?pid=P00312625&mcid=42383&medium=link&campaign=YonderYVR,adventure,🏔,Vancouver Seaplane
Vancouver,YVR,https://www.viator.com/tours/Vancouver/NEW-Vancouver-90-min-Sightseeing-Boat-Cruise-with-Live-Narration/d616-5504852P8?pid=P00312625&mcid=42383&medium=link&campaign=YonderYVR,adventure,🏔,New Vancouver Min Sightseeing
Vienna,VIE,https://www.getyourguide.com/vienna-l7/sigmund-freud-museum-ticket-t396089/?partner_id=DEYJUF3&utm_medium=online_publisher&cmp=YonderVIE,history,🏛,Sigmund Freud Museum
Vienna,VIE,https://www.getyourguide.com/vienna-l7/vienna-spooky-ghost-tour-in-english-t445230/?partner_id=DEYJUF3&utm_medium=online_publisher&cmp=YonderVIE,history,👻,Spooky Ghost Tour
Vienna,VIE,https://www.getyourguide.com/vienna-l7/vienna-skip-the-line-sisi-museum-hofburg-gardens-tour-t887097/?partner_id=DEYJUF3&utm_medium=online_publisher&cmp=YonderVIE,history,🏛,Vienna Sisi Museum Hofburg
Vienna,VIE,https://www.viator.com/tours/Vienna/Highlights-of-Vienna-Historical-and-Cultural-Walking-Tour/d454-428176P5?pid=P00312625&mcid=42383&medium=link&campaign=YonderVIE,explorer,🗺,Highlights Vienna Historical
Vienna,VIE,https://www.viator.com/tours/Vienna/Schonbrunn-Palace-Evening-Concert/d454-3773ECON?pid=P00312625&mcid=42383&medium=link&campaign=YonderVIE,history,🏛,Schonbrunn Palace Evening
Vienna,VIE,https://www.viator.com/tours/Vienna/Concerts-at-St-Peters-Church-Vienna-2017/d454-20099P3?pid=P00312625&mcid=42383&medium=link&campaign=YonderVIE,culture,🎭,Concerts Peters Church Vienna
Bali,DPS,https://www.getyourguide.com/bali-l347/bali-uluwatu-temple-and-kecak-fire-dance-t373400/?partner_id=DEYJUF3&utm_medium=online_publisher&cmp=YonderDPS,culture,🎭,Uluwatu Temple Kecak Fire Dance
Bali,DPS,https://www.getyourguide.com/bali-l347/ubud-tegallalang-rice-terrace-and-swing-ticket-with-guide-t456886/?partner_id=DEYJUF3&utm_medium=online_publisher&cmp=YonderDPS,nature,🌿,Tegalalang Rice Terrace Swing
Bali,DPS,https://www.getyourguide.com/bali-l347/bali-private-cooking-class-with-a-family-at-balinese-home-t391866/?partner_id=DEYJUF3&utm_medium=online_publisher&cmp=YonderDPS,foodie,🍜,Bali Cooking Class Balinese Home
Bali,DPS,https://www.viator.com/tours/Bali/Bali-Water-Sport-Adventure-Package/d98-7335P2?pid=P00312625&mcid=42383&medium=link&campaign=YonderDPS,adventure,🏔,Bali Water Sport Adventure
Bali,DPS,https://www.viator.com/tours/Bali/Bali-Treetop-Adventure-Park-Admission/d98-35059P5?pid=P00312625&mcid=42383&medium=link&campaign=YonderDPS,nature,🌿,Bali Treetop Adventure Park
Bali,DPS,https://www.viator.com/tours/Bali/Sobek-Rafting-Ayung-River-Bali/d98-7902P2?pid=P00312625&mcid=42383&medium=link&campaign=YonderDPS,adventure,🏔,Sobek Rafting Ayung River
Beijing,PEK,https://www.getyourguide.com/beijing-l186/beijing-t-square-forbidden-city-tours-with-entry-tickets-t195551/?partner_id=DEYJUF3&utm_medium=online_publisher&cmp=YonderPEK,history,🏛,Beijing Forbidden City Guided
Beijing,PEK,https://www.getyourguide.com/beijing-l186/afternoon-sightseeing-bus-guided-tour-to-mutianyu-great-wall-t813050/?partner_id=DEYJUF3&utm_medium=online_publisher&cmp=YonderPEK,explorer,🗺,Mutianyu Great Wall Afternoon
Beijing,PEK,https://www.getyourguide.com/beijing-l186/beijingmutianyu-great-wall-capital-airport-layover-tour-t548736/?partner_id=DEYJUF3&utm_medium=online_publisher&cmp=YonderPEK,adventure,🏔,Beijing Great Wall Layover
Beijing,PEK,https://www.viator.com/tours/Beijing/Beijing-Mini-Group-Day-Tour-to-Forbidden-City-and-Mutianyu-Great-Wall/d321-7493P81?pid=P00312625&mcid=42383&medium=link&campaign=YonderPEK,history,🏛,Mini Group Forbidden City Great Wall
Beijing,PEK,https://www.viator.com/tours/Beijing/Great-Wall-of-China-at-Mutianyu-Full-Day-Tour-including-Lunch-from-Beijing/d321-2042SIC_04F?pid=P00312625&mcid=42383&medium=link&campaign=YonderPEK,foodie,🍜,Great Wall Mutianyu Full Day Lunch
Beijing,PEK,https://www.viator.com/tours/Beijing/Forbidden-City-4-Hour-Guided-Tour-with-Admission-Ticket-8-30am/d321-51281P5?pid=P00312625&mcid=42383&medium=link&campaign=YonderPEK,history,🏛,Beijing Forbidden City 4-Hour
Cape Town,CPT,https://www.getyourguide.com/cape-town-l103/table-mountain-cable-car-ticket-with-transfer-t653685/?partner_id=DEYJUF3&utm_medium=online_publisher&cmp=YonderCPT,nature,🌿,Table Mountain Cable Car
Cape Town,CPT,https://www.getyourguide.com/cape-town-l103/robben-island-plus-ferry-ticket-t540455/?partner_id=DEYJUF3&utm_medium=online_publisher&cmp=YonderCPT,history,🏛,Robben Island Ferry Ticket
Cape Town,CPT,https://www.getyourguide.com/cape-town-l103/table-mountain-cableway-hop-on-hop-off-combo-ticket-t126722/?partner_id=DEYJUF3&utm_medium=online_publisher&cmp=YonderCPT,explorer,🗺,Table Mountain Hop-On Hop-Off
Cape Town,CPT,https://www.viator.com/tours/Cape-Town/Full-Day-Cape-Point-Cape-Peninsula-Sightseeing-Tour-from-Cape-Town/d318-39898P1?pid=P00312625&mcid=42383&medium=link&campaign=YonderCPT,explorer,🗺,Cape Point Peninsula Sightseeing
Cape Town,CPT,https://www.viator.com/tours/Cape-Town/Penguin-Encounter-Boulders-Beach-Half-Tour-Day-from-Cape-Town/d318-138217P1?pid=P00312625&mcid=42383&medium=link&campaign=YonderCPT,nature,🌿,Penguin Encounter Boulders Beach
Cape Town,CPT,https://www.viator.com/tours/Cape-Town/Table-Mountain-Ticket-Wine-Penguins-and-Cape-of-Good-Hope-Small-Group-Tour/d318-160072P1?pid=P00312625&mcid=42383&medium=link&campaign=YonderCPT,foodie,🍜,Table Mountain Wine Penguins
Delhi,DEL,https://www.getyourguide.com/new-delhi-l231/old-new-delhi-guided-city-tour-half-or-full-day-available-t616202/?partner_id=DEYJUF3&utm_medium=online_publisher&cmp=YonderDEL,history,🏛,Old New Delhi Guided City
Delhi,DEL,https://www.getyourguide.com/new-delhi-l231/delhi-hidden-gems-tour-art-history-heritage-parks-t355625/?partner_id=DEYJUF3&utm_medium=online_publisher&cmp=YonderDEL,explorer,🗺,Delhi Hidden Gems Heritage Parks
Delhi,DEL,https://www.getyourguide.com/new-delhi-l231/from-delhi-airport-layover-guided-old-new-delhi-tour-t677347/?partner_id=DEYJUF3&utm_medium=online_publisher&cmp=YonderDEL,explorer,🗺,Delhi Airport Layover Tour
Delhi,DEL,https://www.viator.com/tours/New-Delhi/Full-Day-Old-and-New-Delhi-Private-City-Tour/d804-9512P13?pid=P00312625&mcid=42383&medium=link&campaign=YonderDEL,explorer,🗺,Full Day Old New Delhi
Delhi,DEL,https://www.viator.com/tours/New-Delhi/FOOD-AND-HERITAGE-WALK-Old-Delhi/d804-180943P1?pid=P00312625&mcid=42383&medium=link&campaign=YonderDEL,foodie,🍜,Food Heritage Walk Old Delhi
Delhi,DEL,https://www.viator.com/tours/New-Delhi/Full-Day-Delhi-City-Tour-By-Tuk-Tuk/d804-67357P2?pid=P00312625&mcid=42383&medium=link&campaign=YonderDEL,adventure,🏔,Delhi Full Day Tuk-Tuk
Ho Chi Minh City,SGN,https://www.getyourguide.com/ho-chi-minh-city-l272/ho-chi-minh-city-tour-with-colonial-heritage-and-chinatown-t509324/?partner_id=DEYJUF3&utm_medium=online_publisher&cmp=YonderSGN,history,🏛,Colonial Heritage Chinatown Tour
Ho Chi Minh City,SGN,https://www.getyourguide.com/ho-chi-minh-city-l272/mekong-delta-small-group-tour-from-ho-chi-minh-city-t60784/?partner_id=DEYJUF3&utm_medium=online_publisher&cmp=YonderSGN,explorer,🗺,Mekong Delta Small Group
Ho Chi Minh City,SGN,https://www.getyourguide.com/ho-chi-minh-city-l272/saigon-hop-on-hop-off-bus-tour-4-24-or-48-hours-t392990/?partner_id=DEYJUF3&utm_medium=online_publisher&cmp=YonderSGN,explorer,🗺,Saigon Hop-On Hop-Off Bus
Ho Chi Minh City,SGN,https://www.viator.com/tours/Ho-Chi-Minh-City/Saigons-private-FOODWALK-tour/d352-136779P2?pid=P00312625&mcid=42383&medium=link&campaign=YonderSGN,foodie,🍜,Saigon Private Foodwalk
Ho Chi Minh City,SGN,https://www.viator.com/tours/Ho-Chi-Minh-City/VIP-CU-CHI-TUNNELS-AND-MEKONG-DELTA/d352-20086P8?pid=P00312625&mcid=42383&medium=link&campaign=YonderSGN,history,🏛,VIP Cu Chi Tunnels Mekong
Ho Chi Minh City,SGN,https://www.viator.com/tours/Ho-Chi-Minh-City/Half-Day-Ho-Chi-Minh-City-Tour-by-Jeep/d352-36430P7?pid=P00312625&mcid=42383&medium=link&campaign=YonderSGN,adventure,🏔,Ho Chi Minh City by Jeep
Mumbai,BOM,https://www.getyourguide.com/mumbai-l201/mumbai-half-day-city-tour-with-a-local-t953819/?partner_id=DEYJUF3&utm_medium=online_publisher&cmp=YonderBOM,explorer,🗺,Mumbai Half Day City Local
Mumbai,BOM,https://www.getyourguide.com/mumbai-l201/mumbai-city-tour-elephanta-caves-dharavi-slum-woptions-t388283/?partner_id=DEYJUF3&utm_medium=online_publisher&cmp=YonderBOM,history,🏛,Mumbai City Elephanta Dharavi
Mumbai,BOM,https://www.getyourguide.com/mumbai-l201/mumbai-private-guided-city-highlights-tour-t864628/?partner_id=DEYJUF3&utm_medium=online_publisher&cmp=YonderBOM,explorer,🗺,Mumbai Private City Highlights
Mumbai,BOM,https://www.viator.com/tours/Mumbai/Private-Bollywood-Tour-Including-Lunch/d953-22605P2?pid=P00312625&mcid=42383&medium=link&campaign=YonderBOM,culture,🎭,Mumbai Bollywood Tour Lunch
Mumbai,BOM,https://www.viator.com/tours/Mumbai/Private-Walking-Tour-of-Dharavi-Slum/d953-34181P5?pid=P00312625&mcid=42383&medium=link&campaign=YonderBOM,explorer,🗺,Dharavi Slum Walking Tour
Mumbai,BOM,https://www.viator.com/tours/Mumbai/Mumbai-City-Dabbawala-aka-Lunchbox-Train-Ride-Tour-The-Unfeigned-Mumbai/d953-67082P29?pid=P00312625&mcid=42383&medium=link&campaign=YonderBOM,foodie,🍜,Dabbawala Lunchbox Train Ride
Nairobi,NBO,https://www.getyourguide.com/nairobi-l267/market-tour-and-traditional-kenyan-cooking-class-in-nairobi-t763178/?partner_id=DEYJUF3&utm_medium=online_publisher&cmp=YonderNBO,foodie,🍜,Nairobi Market Kenyan Cooking
Nairobi,NBO,https://www.getyourguide.com/nairobi-l267/nairobi-national-park-early-morning-or-afternoon-game-drive-t391848/?partner_id=DEYJUF3&utm_medium=online_publisher&cmp=YonderNBO,nature,🌿,Nairobi National Park Game Drive
Nairobi,NBO,https://www.getyourguide.com/nairobi-l267/amboseli-national-park-full-day-tour-from-nairobi-t541607/?partner_id=DEYJUF3&utm_medium=online_publisher&cmp=YonderNBO,adventure,🏔,Amboseli National Park Day Tour
Nairobi,NBO,https://www.viator.com/tours/Nairobi/Nairobi-National-Park-Tour/d5280-44482P25?pid=P00312625&mcid=42383&medium=link&campaign=YonderNBO,nature,🌿,Nairobi National Park Safari
Nairobi,NBO,https://www.viator.com/tours/Nairobi/3-days-group-joining-safari-to-Maasai-Mara-with-a-Land-Cruiser-Jeep/d5280-60115P44?pid=P00312625&mcid=42383&medium=link&campaign=YonderNBO,adventure,🏔,3-Day Maasai Mara Safari
Nairobi,NBO,https://www.viator.com/tours/Nairobi/3-Day-Masai-Mara-with-Transfers-Included/d5280-14455P1?pid=P00312625&mcid=42383&medium=link&campaign=YonderNBO,adventure,🏔,Maasai Mara Transfers Included
Shanghai,PVG,https://www.getyourguide.com/shanghai-l178/shanghai-huangpu-river-night-cruise-ticket-for-adult-t877317/?partner_id=DEYJUF3&utm_medium=online_publisher&cmp=YonderPVG,adventure,🏔,Huangpu River Night Cruise
Shanghai,PVG,https://www.getyourguide.com/shanghai-l178/shanghai-tower-observation-deck-skip-the-line-ticket-meal-t728473/?partner_id=DEYJUF3&utm_medium=online_publisher&cmp=YonderPVG,experience,✨,Shanghai Tower Observation Deck
Shanghai,PVG,https://www.getyourguide.com/shanghai-l178/shanghai-era-theatre-acrobatics-ticket-t695680/?partner_id=DEYJUF3&utm_medium=online_publisher&cmp=YonderPVG,culture,🎟,ERA Theatre Acrobatics Show
Shanghai,PVG,https://www.viator.com/tours/Shanghai/Best-of-Shanghai-Day-Tour-including-Jade-Buddha-Temple-and-The-Bund/d325-2052SIC_01?pid=P00312625&mcid=42383&medium=link&campaign=YonderPVG,explorer,🗺,Best of Shanghai Jade Buddha
Shanghai,PVG,https://www.viator.com/tours/Shanghai/Shanghai-Bund-Night-Tour-Oriental-Pearl-TV-Tower-Huangpu-River-Cruise-Xintiandi/d325-37241P8?pid=P00312625&mcid=42383&medium=link&campaign=YonderPVG,nightlife,🍸,Bund Night Oriental Pearl Cruise
Shanghai,PVG,https://www.viator.com/tours/Shanghai/Private-Full-Day-Tour-All-Inclusive-Shanghai-Incredible-Highlights-with-Huangpu-River-Cruise/d325-26501P6?pid=P00312625&mcid=42383&medium=link&campaign=YonderPVG,explorer,🗺,Shanghai Highlights Huangpu Cruise
Taipei,TPE,https://www.getyourguide.com/taipei-101-observatory-l76050/taipei-101-skip-the-line-observatory-deck-ticket-t319373/?partner_id=DEYJUF3&utm_medium=online_publisher&cmp=YonderTPE,experience,✨,Taipei 101 Observatory Skip-Line
Taipei,TPE,https://www.getyourguide.com/taipei-city-l190/taipei-fun-pass-to-16-attractions-and-tours-t384253/?partner_id=DEYJUF3&utm_medium=online_publisher&cmp=YonderTPE,explorer,🗺,Taipei Unlimited Fun Pass Attractions
Taipei,TPE,https://www.getyourguide.com/national-palace-museum-l106307/taiwan-national-palace-museum-e-ticket-t249007/?partner_id=DEYJUF3&utm_medium=online_publisher&cmp=YonderTPE,history,🏛,National Palace Museum
Taipei,TPE,https://www.viator.com/tours/Taipei/Street-Food-Tour-Taipei/d5262-24380P342?pid=P00312625&mcid=42383&medium=link&campaign=YonderTPE,foodie,🍜,Taipei Street Food Tour
Taipei,TPE,https://www.viator.com/tours/Taipei/Taipei-Half-Day-City-Tour/d5262-3071HA?pid=P00312625&mcid=42383&medium=link&campaign=YonderTPE,explorer,🗺,Taipei Half Day City
Taipei,TPE,https://www.viator.com/tours/Taipei/Private-Custom-Tour-Taipei-in-a-Day/d5262-6279TPECUSTOM?pid=P00312625&mcid=42383&medium=link&campaign=YonderTPE,explorer,🗺,Taipei Private Custom Day
Zanzibar,ZNZ,https://www.getyourguide.com/zanzibar-l871/zanzibar-stone-town-spice-farm-tour-with-lunch-t275667/?partner_id=DEYJUF3&utm_medium=online_publisher&cmp=YonderZNZ,foodie,🍜,Stone Town Spice Farm Lunch
Zanzibar,ZNZ,https://www.getyourguide.com/zanzibar-l871/nungwi-aquarium-to-swim-with-sea-turtles-t600332/?partner_id=DEYJUF3&utm_medium=online_publisher&cmp=YonderZNZ,nature,🌿,Nungwi Swim Sea Turtles
Zanzibar,ZNZ,https://www.getyourguide.com/zanzibar-l871/zanzibar-masai-village-visit-with-sunset-cruise-t1110090/?partner_id=DEYJUF3&utm_medium=online_publisher&cmp=YonderZNZ,culture,🎭,Masai Village Sunset Cruise
Zanzibar,ZNZ,https://www.viator.com/tours/Zanzibar/Full-Day-Group-tour-To-Mnemba-Island-For-Snorkeling-Activities/d5590-244436P2?pid=P00312625&mcid=42383&medium=link&campaign=YonderZNZ,adventure,🏔,Mnemba Island Snorkeling
Zanzibar,ZNZ,https://www.viator.com/tours/Zanzibar/Safari-blue-full-day-boat-trip/d5590-193132P5?pid=P00312625&mcid=42383&medium=link&campaign=YonderZNZ,adventure,🏔,Safari Blue Boat Trip
Zanzibar,ZNZ,https://www.viator.com/tours/Zanzibar/Prison-Island-Tour/d5590-34358P7?pid=P00312625&mcid=42383&medium=link&campaign=YonderZNZ,history,🏛,Prison Island Giant Tortoises