EmojiVibe,Rating,ProductNameAdRead,Brand,Model,Review,Department,DepartmentEmoji,URL
🤳,⭐⭐⭐⭐,For The Best Selfies -> Phone Suction Pad,PEUTIER,Pack of 5,"These things are great, but stick it to a phone case or you could potentially rip off the whole backside of your phone off after making a TikTok dance. That'd be embarassing...",Accessories,💍,https://www.amazon.ca/Silicone-Adhesive-Hands-Free-Accessory-Multicolored/dp/B0D1R56W39?th=1&linkCode=ll2&tag=yondersaymser-20&linkId=c1056be56543e82b2f3edc2384843fd8&ref_=as_li_ss_tl
⏳,⭐⭐⭐⭐⭐,"Don't Miss The Last Call with a Casio ""World Time"" Digital Watch ",Casio,AE1200WH,"While it's true that a F-91W is the GOAT, this watch already has the timezones built in and it's built like a tank. Pair it with a NATO strap and lock in.",Accessories,💍,https://www.amazon.ca/Casio-Classic-Japanese-Quartz-Watch-Resin/dp/B0094B79PA?crid=39MWMWLYRK6HZ&dib=eyJ2IjoiMSJ9.l7AGWpajjZtc9O6WSVJZkmSOpiUccrUELk50RXcpnwhY1UIvZgMfr3AxdkUf3dPBl9pyJBNh4H6vpUY_K9TS3zEXxljOBUf0Z4GQ8yuJAIiamNFu9YRStlL_A8R3kvRRgfVgsDsZmE8S_vZyXi9CXfN8LSyh_TC8agJHor3lpHS-DZjGMIVXLX607ACPq3HdBeNZ98zs2PIG92D1rJ67mmXNRdSd92kdsfs60Bl5s8yiXb8VLmZXCuIJQImKgLPt-9QrM2RQgHpBkqtuvPQURKZga5dGEr6B3E_YgLKuY4U.rtjaaM2WgeneOmbtniZAcT34Apvdk57DPHDIkj2pdDY&dib_tag=se&keywords=casio%2Bworld%2Btime&qid=1785592220&sprefix=casio%2Bworld%2Btime%2Caps%2C145&sr=8-6&th=1&linkCode=ll2&tag=yondersaymser-20&linkId=374085ee5ce4386db2b50ae8a93afb2b&ref_=as_li_ss_tl
🎧,⭐⭐⭐⭐,Jam On The flight with IEM Headphones,Westone Audio,Pro X20,"Okay, real talk, they're worth the price, but there are also plenty of other IEM (in-ear monitors) out there that are jsut as good too.",Electronics,⚡,https://www.amazon.ca/Westone-Audio-Pro-X20-Performance/dp/B098V2FRH5/ref=sr_1_2?crid=3GGRRGVRQJVHD&dib=eyJ2IjoiMSJ9.zp10NiX01eA7I1h4QIkC-LN-NEbMjaM59EnwSBtfsvQgLxRqKxEbCZ9XkXP49V-WwkGSDpQVFVEHlsNhJkTv6_rG_zUybB1ccR7VLrRUqcfXtJF15QRidTbyfQwGdclNnaVJNIw5mpgYiNSAkYTMFNZ-p4RQnEpZANQ1mtFQmx9TrzVt9Nb1EhYScwqfXRGBLvo23pC-Lzm-kH2GqsPv322oQTbiVdIEb1LhtM5Mo1FxbFY6sXvmG57nr-qhxZDNTRKpWBAZXcE8PDrpxiyRKod7x6Hwi6b1MdmYKN19enA.o4kiHj8ggIbAmy5aoCvdjMIVu_Pite9rrmnyVldX3u0&dib_tag=se&keywords=westone&qid=1785592456&sprefix=westone%2Caps%2C155&sr=8-2&ufe=app_do%3Aamzn1.fos.a9cfdadb-853e-427d-a2b7-ed306eff4f60
🧃,⭐⭐⭐⭐⭐,Stay Fully Juiced with an Ultra Mini Power Bank by INIU,INIU,Battery Pack,Portable batteries are pretty good across all price ranges now; this is a decent enough one to get the job done for at least a few trips around the planet.,Electronics,⚡,https://www.amazon.ca/INIU-10000mAh-Portable-Powerbank-Compatible/dp/B0DQL7WJDX?crid=11AQ7LYCRU4CA&dib=eyJ2IjoiMSJ9.NbJAnfmbjcZ8EvIM6SzwjTniySuon7Ke-Xjxl8WiL8jn5dHTLlLmkbpSHziXLEX4AJzOL6vvMn0fWJ2H_OSmleWPVUKbp35aEpnuHzEWLTmesAkZWq7PqczouqM_MPRu024L7fIZiL6uaz6aglHW97yn5s9Dfo_lcx64DsOVRQsmOuHzcpUarPefLuzExosoZzHPyDwKRyk7ioma4LX-ZPvwqF-djdz43DtO06H4XOyCbRQB7kbh-C28CxJPW-Gtc5IorvBeakavqVLeIGiEZj7tWLNrjuA-HPBPU4gnt_8.W7W_Zn8hq1UiE2KWnndDbrIihw6S_QPHwqx6vSuLQI0&dib_tag=se&keywords=travel&qid=1785592549&refinements=p_72%3A11192170011&rnid=11192166011&sprefix=trave%2Caps%2C160&sr=8-8&th=1&linkCode=ll2&tag=yondersaymser-20&linkId=b454e31d313cbf5c13147f8b545876f3&ref_=as_li_ss_tl
🤐,⭐⭐⭐⭐,"Ultra-Comfy & Reusable Ear Plugs, For The Enviromentally Minded",Loop ,Ear Plugs,I highly recommend these for general day use if you are noise sensitive. However you'll need stronger protection for sleeping through snoring.,Healthcare,⛑️,https://www.amazon.ca/Loop-Quiet-Ear-Plugs-Noise-Reducing/dp/B0D3V6Y38G?crid=QHL4D7Y1HAS1&dib=eyJ2IjoiMSJ9.xoqpK0Filu7bh9Ifb3cSS9k6wJQmlVBM13Za8Y93JX1BJCjQNdkWobCEfKwtFgITzbvyuuKAo8BckzjQoOCj0p11eoQJegxa49hs4kz1cujHAjMS8CV6SAy16A3aQ49ViJn4RebOb-x0IAc_uHrDZAM3jYUvgCb-TPJlW3Lu2Iz0NoosAu0Dq6xvVQrsIwBharoglBCZldjswKSou8X2wiriv6K1M5u93-q9p8iJEBQ0edi_DDnI0wWgHzwbPFtLdvRbIvuJ5xJTcjYng6Po3u1S_zQNK86H2fX3jVJXclU.p89AA5pbsO3fDyLxe4lyYDTSjkF73YGNtgSg2pKtjZA&dib_tag=se&keywords=earplugs&qid=1785592832&sprefix=earplugs%2Caps%2C155&sr=8-18&th=1&linkCode=ll2&tag=yondersaymser-20&linkId=7766c067d6ab4fece950bb098c2ba424&ref_=as_li_ss_tl
🔇,⭐⭐⭐⭐,"btw Pack Some ""Sleep Through a Hurricane"" Noise Cancelling Ear Plugs",VeoryFly,Ear Plugs,"Blocks out most if not all the sounds and lets you get your beauty sleep. Disposable and pack a few extras if you're sharing a room, you'll love you for it.",Healthcare,⛑️,https://www.amazon.ca/VeoryFly-Sleeping-Cancelling-Pairs-38-Reduction/dp/B09XMMCGTF?crid=QHL4D7Y1HAS1&dib=eyJ2IjoiMSJ9.xoqpK0Filu7bh9Ifb3cSS9k6wJQmlVBM13Za8Y93JX1BJCjQNdkWobCEfKwtFgITzbvyuuKAo8BckzjQoOCj0p11eoQJegxa49hs4kz1cujHAjMS8CV6SAy16A3aQ49ViJn4RebOb-x0IAc_uHrDZAM3jYUvgCb-TPJlW3Lu2Iz0NoosAu0Dq6xvVQrsIwBharoglBCZldjswKSou8X2wiriv6K1M5u93-q9p8iJEBQ0edi_DDnI0wWgHzwbPFtLdvRbIvuJ5xJTcjYng6Po3u1S_zQNK86H2fX3jVJXclU.p89AA5pbsO3fDyLxe4lyYDTSjkF73YGNtgSg2pKtjZA&dib_tag=se&keywords=earplugs&qid=1785592832&sprefix=earplugs%2Caps%2C155&sr=8-17&th=1&linkCode=ll2&tag=yondersaymser-20&linkId=95cb90c9f208684766b30468534e6d9f&ref_=as_li_ss_tl
💦,⭐⭐⭐⭐⭐,All My Hydro Homies Stan Nalgene Water Bottles,Nalgene ,32oz Bottle,A good enough waterbottle that works well in any bag or attached on the side with a carabiner.,Food & Drink,🍳,https://www.amazon.ca/Nalgene-Water-Bottle-Lightweight-Shatterproof/dp/B0CVNCHMFM?dib=eyJ2IjoiMSJ9.0I0snRHDZH5hd524XbCQ8RSPfdlwsZdIhrtabLBx2yHar5tKh6GLPO3aVFCnnMT_4Y_k-WQz2wXSZkrweZtCNz5roNmOr68wLkEa8BrgpVfmvZhdUxjD8HXiCAX3fOUp0iDxdOFezp8SSWSmY5vTQaQBPL2tDWbn2TdabkykywPaJqu5E7E6rE2FXjCnIjaslYqw5qgw-N3RUy4jBcpzAoBPyUAoyXqeNfLizp_9OoqtJ-JTO835YZa2YXLbdx9OXmr4yF2QaP9sSSbFQUXr2Yl3YNdJyo1dIccdzxzJf_0.BXl5-co0TcszLEGraKnu2w7kS_JF1ZDv6prZWWBKTZE&dib_tag=se&keywords=nalgene%2Bwater&qid=1785593224&sr=8-6&th=1&linkCode=ll2&tag=yondersaymser-20&linkId=8b894eba7f2b832bcad7fd54cd7e7cd9&ref_=as_li_ss_tl
🪴,⭐⭐⭐⭐,Water Your Situationships Plant While Boarding with LetPot,LetPot,D3,Can't find someone to water the plants while away? Use this and the app to automatically water your plants from the other side of the world!,Supplies,🎒,https://www.amazon.ca/Automatic-Watering-Control-Irrigation-Shortage/dp/B0D982BBSB?crid=3EPG9F4TMRB5D&dib=eyJ2IjoiMSJ9.B3eMdlJNRHJmwgo9yp1re2ngph88GSwUlZ0Jv4AyDUd_venq1IqXGAoYj0xCpoLD7Yp8OGQGCJlVmWDioeXRUv8PJjOad9DQAM5Gd5HygSd3KsMyCH7hT02iAtFp2wwpdTHQBjQDx7uoGNVWEd35y_kRDEotJHi9rZAdHm6PfXRVGTEo2Hrf4gGZWeITr1hgtdtro99z6MiscFzbEh8kw_H5JLRQC4CJG-m-jn7B7qOyR-j6WlaWFU6vKNgbW3rWTvYcuOMzXJxBPMyUI26NwSSqeiK5PcmYCo_Z8r8WbJI.lWGP1h_WfbwW3Ee3RNpLkZMUGA1fI6UxJLTkBvNQTvQ&dib_tag=se&keywords=let%2Bpot&qid=1785593342&sprefix=let%2Bpo%2Caps%2C166&sr=8-6&th=1&linkCode=ll2&tag=yondersaymser-20&linkId=5e4b0ae29e25fcdb89fc938778e7c261&ref_=as_li_ss_tl
🧠,⭐⭐⭐⭐⭐,"Professionally, I Use Smart Outlets for Home Automation While Away",Kasa,Pack of 4,Smart outlets to control lights while I'm gone is perfect for making my neighbors think I'm still there.,Supplies,🎒,https://www.amazon.ca/TP-Link-Reliable-Connection-Assistant-HS103P4/dp/B07RCNB2L3?crid=12U1N5RFFXIY1&dib=eyJ2IjoiMSJ9.GbUKBaMAV3OL4_tS1XfWWtG6rulxILUf9lWxjSaQOcnXIUvRCnbwEUFRIB5XWOv2TnsBink-E-tOI11rLBvdJNO7ig5lC9XWNA036PDfqK-dSeORIRON9st1MvDQYtG-_YBySHNgcOtGv8ZBAjkS4OAcCvCzFCqHhr43_GRqdQv2FKTH-Z55n97HvfZr84BRWSqn-dNDzbHBB8Bsn38NeUuTv5J2sbKD8aqQx6ISjdkRaGNSWlVTUqfKvuSng2VWPN9-SUcCi-QYGgVsp6NLYoWhQLJCREx3J79bC4dRHoc.iHS8_hUehphZqQ-uuANQ5WUV5RKtQJVhnMfug6xoGfg&dib_tag=se&keywords=google%2Bhome&qid=1785593447&sprefix=google%2Bhom%2Caps%2C168&sr=8-17&th=1&linkCode=ll2&tag=yondersaymser-20&linkId=9dbc3fb7c22528a40c6ad8a9db0f44af&ref_=as_li_ss_tl
🏡,⭐⭐⭐⭐⭐,Woof! Woof! Keep an Eye on Rover with a Nest Cam,Google Nest,Cam,Smart home camera to watch your pet or other small one on your phone for when you get a little home sick on the road.,Supplies,🎒,https://www.amazon.ca/Google-Nest-Cam-Indoor-Wired/dp/B0FJNR1GZ1?crid=1EJQKC70RM1AV&dib=eyJ2IjoiMSJ9.DdG5XbHWcaGd7U9txSMREfT8VtzLDGuqNUByrqNxMdS5bqli33wLBe_U37p0UuDN4cLlLr1OFtehE8LSJE1g88DIA2I0xC83Z6PnBO-2Sz3TxkPr1RUvtbCmU2LhFMHb3U3Pdo5c5lkoS7dvKcgbj9NcoUFg7gux_b-uvh0YGv1iEj2iuwpffQlSs1viWP5iAWYRCtiZHujpxcseiC0Z7LmycUfx3PMotKaunx2ohxqOlOnJeG5yztcYbMa1UwP_09Melolmr268ytJlGyMwPFp884svAPWNJrSgdXzEBGQ.h-9kTdnuMyZZAT4j1AYWQQMAj4-RtjEgjqg0BEkZ320&dib_tag=se&keywords=google%2Bcamera&qid=1785593605&sprefix=google%2Bcamera%2Caps%2C172&sr=8-6&ufe=app_do%3Aamzn1.fos.a9cfdadb-853e-427d-a2b7-ed306eff4f60&th=1&linkCode=ll2&tag=yondersaymser-20&linkId=3f6c3d12c932666f81f66cd9cfeaed19&ref_=as_li_ss_tl
🎶,⭐⭐⭐⭐⭐,Mix Tracks In The Uber with a PO-33!,Teenage Engineering,PO-33 K.O.,Need a new fidget toy for those long haul flights? I got you fam.,Toys,,https://www.amazon.ca/engineering-Operator-Sequencer-Recording-Microphone/dp/B079M56Z4G?dib=eyJ2IjoiMSJ9.sOKUPVXqcfAfooQUBeTuzTC-e8CPfphS4fub2UnloF95UfQNzsEGLmrWJxsBsT9isfqI8dCAdzgheSLA_aibhJfnYzJpXf7xnqdBoCEevIiVF7ssLvvrNTGNG-TJQ888stUbRy5vGOE5f6Wa93LtKwsBLZze8KuHZSuS1SVb3heEi-VJlQa-Rq3VDhJZGhMz9fAMqA0MQPAZ-hof9tpE-nD1ciu7PF0dNIlBDy2DlxO1wbdJjEcyBxnOBPzUxFoRjtMz4grerqzLXNlN1JUoDqHHLvRKebKyfmQVj7SBdIA.MYGcNHS1flwMO8lrO3LR216yFhdLysnVHckulNFW9Jw&dib_tag=se&keywords=pocket%2Boperator&qid=1785594006&sr=8-2&th=1&linkCode=ll2&tag=yondersaymser-20&linkId=8c4cd4fb83e226c9792dde7167354e72&ref_=as_li_ss_tl
🥄,⭐⭐⭐⭐⭐,frfr This is Simply The Best Travel Spoon imo,TOAKS,SLV-07,"This is just a great spoon. Very compact, easy to clean, and made of metal not plastic!",Supplies,🎒,https://www.amazon.ca/TOAKS-Titanium-Folding-Spoon-SLV-07/dp/B00GLFVZVG?crid=2O4ZMM6OQNMRJ&dib=eyJ2IjoiMSJ9._bO3iuFUmTuweFwuT_-90uu6lwPTUEOjuW70OgJbkXcushc27kWVBV1h1zBo1HavOZh1mHaj8JzQYURu6S0bjYb0wvezMs1OoYGat0tuT9D9GovrhIj9TKPD-CCLAo_dbHmrQ3-cAzQO6okAIje0DgdBF5ILn9-bROUgHcxLZ_fmncmh5lTfDK7Rcz6b8Ij1Uy7EA3IrX7BPw57JBZe3zUy8-cp0BEnEGXUhx6m0L4CjTIfQ9UXv7XvWDHroiMUC5IS9JY9uuMeggOZRlT59ZDCruzfmvGZ3qhyzztpv5Pg.9pI5HCLC6KiYiPUQr0gdHGg2eXl79WX1szPzqC9EUQE&dib_tag=se&keywords=camping+spoon&qid=1785594142&sprefix=camping+spoon%2Caps%2C159&sr=8-31&linkCode=ll2&tag=yondersaymser-20&linkId=afd6aa8e25c29858ad9c795a35653b8b&ref_=as_li_ss_tl
🥢,⭐⭐⭐⭐⭐,"Just Use Chopsticks Bro, They're Titanium Like Adel",SANTTA ,Chopsticks,"To be honest, I kinda just eat everything with chopsticks now. It's so convienent and sanitary!",Supplies,🎒,https://www.amazon.ca/SANTTA-Titanium-Chopsticks-Travel-Case/dp/B0F5HYBJ7D?crid=3RQCTHEFHJ4DP&dib=eyJ2IjoiMSJ9.ETIKA5Xc7IbOUyXsJt0p7ihB_Tud0JNb_zUJ4bUPaCf8ifr-mIFoEtLH9j46hPO0v5S4izxd8rfozxNPf0Q3dJMuMdU-CCe8VrtyYYnfNbKqhCGC4E9WS9cuywJlB-OZx9KlOEU3Ok15K3U2AjJoyZgihBPPWCvSpaU8xSmjHWC1rlhpVAnNQVqYm7gjejo42Lp6zxziJ95DQZa1Dg89YX2g9qhdbijPlO2G_Nopi1oaA0lBI3O6TWO-szs8gOpEz60xd7izBF-czCOEK72pg7BAqgq84md22MbkVDi4jKk.0V3w2qqbk077rYGqAECbJw0_9blAJukZjQaD63Zq-No&dib_tag=se&keywords=chopsticks%2Btravel&qid=1785594267&sprefix=chopsticks%2Btrave%2Caps%2C162&sr=8-8&th=1&linkCode=ll2&tag=yondersaymser-20&linkId=12aef2e04465112ac56bf1c452e22dc7&ref_=as_li_ss_tl
🔑,⭐⭐⭐⭐,Stop Jinglin' Baby with a KeySmart Key Holder,KeySmart,Pocket Clip,"No one likes a dirty jingler, silence those keys with this thing, absolute game changer.",Supplies,🎒,https://www.amazon.ca/KeySmart-Minimalist-Pocket-Sized-Accessories-Blue/dp/B00JXQQXNU?crid=HT76WSUGKHPT&dib=eyJ2IjoiMSJ9.23QLB8-NNS7Q1rmOOE9lEf0iY1n6ZqU9vi86g4HCeWtGQi_JnMSBp61oPg8J4R1K-Tmwi28qNlr0-cBA9iieB-1gVm-0Yu8epPs1sOq9cKzIhuvxeGzcmPq4UqX7mPE62ijV8_wnHzUO5O9HxkdKmuV696eIyV9Gyxuq1R2sIk0TxnR0TfVBDq89P9VlqoxEW3PPBpeHk8RUl_lPiwxd4p6_xPMo-eZCY-i7q29Th8zbXUnkr647kjkQbpsdKyh2Sk18iHEik-mEtumcml-Awory3IR7pDWB5_-Efm9hezQ.6U3nXTEdy95zMivi3ypKR38K7CE7At57tbGnjZAnumo&dib_tag=se&keywords=keysmart&qid=1785594342&sprefix=keysmart%2Caps%2C152&sr=8-6&th=1&psc=1&linkCode=ll2&tag=yondersaymser-20&linkId=eb65574dc5903460b197f47c6f737d71&ref_=as_li_ss_tl
✨,⭐⭐⭐⭐⭐,Only Pack One Outfit? Try Tru Earth Detergent Sheets,Tru Earth,Detergent,Doing laundry means you can flex the same outfit again and again on the same trip haha.,Supplies,🎒,https://www.amazon.ca/Tru-Earth-Eco-Strips-Laundry-Detergent/dp/B07SPVZLVQ?crid=37OMM8HEH076W&dib=eyJ2IjoiMSJ9.ODrhMNBwUnTT2oAIX1MrDY_sySOrDdnOExMot3B8Ty7mGutjv0VHel1wdWihqFXAFvOYs4awYEMKFGcBG8mB0itYTe8Vbky7-DjiTRE8l_U-Ra9EeT_j-bLFGtgW_Y3KdMFzNZqH71SYK-Y5ATJbJTdp9-8xa9sLDc0t-MKA64Ubki6cQFWMtuy6lFgIQ5RF_vku8A21Chqyf9h_qq7KJAvACIa7ZhkxHLV0hZEqU2B9zQgcFPacrrGeFO6gJNKBQP0FC0spYOv7KNviMS81FnftQHbb-HCJPtjvAfz1vI0.4vq84FfM0V0fDd7GcFqalMAhbiHKAI29Muy3j5qLgsg&dib_tag=se&keywords=travel%2Blaundry&qid=1785594749&s=hpc&sprefix=travel%2Blaundry%2Chpc%2C154&sr=1-5&th=1&linkCode=ll2&tag=yondersaymser-20&linkId=adee8decf6999366b13fe924579e849a&ref_=as_li_ss_tl
😴,⭐⭐⭐⭐⭐,A Camping Pillow is Better Than Those Neck Things,TETON ,Camp Pillow,The Neck things are too uncomfortable and weird to pack for just a few hours of use. A compact camping pillow though... You can use this anywhere!,Supplies,🎒,https://www.amazon.ca/Sports-Backpacking-Airplanes-Comfortable-Anywhere/dp/B00DDP3B1Y?crid=H4LVA91XVEA3&dib=eyJ2IjoiMSJ9.y5ahPY5-3RYn3Kn-t_KfwsExbILqhscGjiRRKlHvcIQu1eiym2Ury8GGbGkHGBViWolaMxI8b1iWZNwF6SqKq1S8A3XOhVka8LAhDO89g7V_5WIjDFuw2vaw2NGh-YM2Uu6jZWWaSBTv-TqsCxq9M7IT1kfnsBExmLB6y5ev7OinIvAocszgRCMdzCIpm2LT0fzOBHixBzzBns90KPZYEtWTUczSqLsKooqo0LbugOe0LfI16D3apgfEjPxV4oKpKrt8ACQyTovZ_-DqRJzi-20djfgEcV74DYU7EfcOPBk.rRKLJwBx7QKCaV_AXo2MLeMxdE-aenHVsRyy6S5qmm4&dib_tag=se&keywords=camping%2Bpillow&qid=1785594860&sprefix=camping%2Bpillo%2Caps%2C163&sr=8-17&th=1&linkCode=ll2&tag=yondersaymser-20&linkId=634bd4883e086b77f8852265320d1024&ref_=as_li_ss_tl
🧼,⭐⭐⭐⭐⭐,Ever See A Towel The Size of a Mint? Check These Out,Herb Life,Compact Towel,"Perfect for a quick bird bath and morning face wash. Super compact, just add water.",Supplies,🎒,https://www.amazon.ca/Compressed-Disposable-Camping-Portable-Activities/dp/B0C2PXJD76?crid=17Z9O03KVIJKF&dib=eyJ2IjoiMSJ9.G9dcmT5R94om72BAa2ysbBSa5hHkaYR4hps9Ro7RoNjJ-SiQCsETu3W3DUlO1yxRMX78FmQl_aiglgiNQBamN9w5g2u5E98UbCk3sdBCKoKauTCDvhkIhvAm__c_uDl9DwoOiAq34VVNAYfpTlgEFaUK0ZaGd4rq4Nl7zc30ag76JkA5WfS3jhnBpnh_P9AVoSlcBFv4JpWjrbigW76lbvCk6QF06Z1joPcdNe0L2daSav10nkV24NHUO1cQl1TWWkxL41RoUaKZouCQV0EzMKeS1dAuGDznLZDhjf_45Vg.llkKKcqBmDxktE17LRVhv1VqwQRetk_mJanicNCuMAQ&dib_tag=se&keywords=water+towels&qid=1785595020&sprefix=water+towels%2Caps%2C158&sr=8-7&linkCode=ll2&tag=yondersaymser-20&linkId=c1cb68f68a844cd577e8f0c899e07c6b&ref_=as_li_ss_tl
☕,⭐⭐⭐⭐,Have An Espresso To-Go On The Trail,Wacaco ,Minipresso,"ngl, the morning espresso while looking over the trail up... worth it.",Supplies,🎒,https://www.amazon.ca/Wacaco-Minipresso-Portable-Espresso-Compatible/dp/B00VTA9F6U?crid=PGEAUZ68UU15&dib=eyJ2IjoiMSJ9.YwUMDQDZQFoNOEtk2iAQHx17y51SWHCw8cf_9INxeg_RZ1GFdoWP8bJhvN1rJCXSW7d2IbhceVsDw5__DIHM8bCpZI2THaRddK4yR5Gb6ZS4UTofBaEGe7yHwH2uxFQOAKMeRkKx2LfkGrzgZkIOL7cTXpEYvnSZrW8GFiSOtwYwdkpYXxJPvpHZcYA93R56RoXdiw9tQe81IEsHvEtRjtuPL7qm1r6TjCzUjzJP-1EKjN_XPzve6gvHNhD6srGHiE1H2VhbMt1tJfpe2EMmGNTMAqcAawF-WlHjnS-2XYQ.xdRxdKGlUPxEiA0Y8hki5JRRpgOaXQaej73FmX8NrJ8&dib_tag=se&keywords=espresso%2Bcamp&qid=1785595201&sprefix=epsresso%2Bcamp%2Caps%2C168&sr=8-6&th=1&linkCode=ll2&tag=yondersaymser-20&linkId=785bb39b33873f12e873db40d10d0ebd&ref_=as_li_ss_tl
❤️‍🩹,⭐⭐⭐⭐⭐,"At Least Pack The Bandages Dawg, You Never Know ",Ready First Aid,First Aid,"A first aid kit, or some semblance of one is simply mandatory for all travelers.",Supplies,🎒,https://www.amazon.ca/Ready-First-Aid-107-Piece/dp/B0CCSVTC6S?crid=IU866PS9YT0Y&dib=eyJ2IjoiMSJ9._e5c5FDYWUkf-R9xY7tnNCSOUilsRWGFneanV996fiu8ZhviHJctQwWefrt-0yGz_T2VyrJwETEF4I3CXzcKctJz1AsLttU0QyFITG6goKcPgidw6sCq4VdK9q13q2kto7kC5ytj175g1frU000dNAYqqHM7OR-P1E0OYzysFMlzi-dvLEAcnPRfLdHBJDSsCjBdx2wftxLSu4GIYbBsjTnn8iQtk9sxbjQRKrnA55_DZv22SMwYlM8KgXNqLhJkVP5FAgaA7ScUPDkDH2ahIEbXqViunLGWUEIgcFeGOTA.sbCH0KxvgfTZSXR0B3EuZNxLKgsUoI_Gue9KXkjqVPM&dib_tag=se&keywords=first%2Baid&qid=1785595304&sprefix=first%2Bai%2Caps%2C169&sr=8-6&th=1&linkCode=ll2&tag=yondersaymser-20&linkId=9ef4f3c2b5450adac32d9823fa57d270&ref_=as_li_ss_tl
🤕,⭐⭐⭐⭐⭐,"Waterproof Bandages, Just in Case!",Upain,Pack of 30,"Honestly, these are great to have in a pinch as they cover cuts easily and flex to the shape of any body part. I've checked!",Supplies,🎒,https://www.amazon.ca/upain-Aftercare-Transparent-Waterproof-Protection/dp/B0B28Y5MHP?crid=3P0O8C7E3UV5K&dib=eyJ2IjoiMSJ9.Tx3JTpe79HiUTZjyh3q7x-GeUUS93Y6FI0PeQUEFtAa5g2hx_n7O0Twzzjdzwwbe9X5XxbIMAeKMTjz2B8GAfGTgJAvHLpVB2KtSi7n8VfCI1uUeCirJzv-elVHidLFraK-HUWXuPS7k4O_9idAtEaJMpdbCDD7IYXKZwIY_a6v4HCMys0WoZB3ZOhuTwW2fCPlo_eLJ43aaYNGlHU9e1XLS0HxTRfXVowdpKRtO9H_PFcxCU_42EGgXkcciyqfAdeLPwErFQ76M-yC-FUARhHsJsSAKekB-omUNZ8-fpPM.KWB-5EbE6wMem73ElWzwBiCMeetH-g91g0_LwdUkv6w&dib_tag=se&keywords=tattoo+protection&qid=1785595388&sprefix=tattoo+protect%2Caps%2C422&sr=8-6&linkCode=ll2&tag=yondersaymser-20&linkId=7b66ca0ea0f48f7b6eed9db06ea61a9f&ref_=as_li_ss_tl
🔓,⭐⭐⭐⭐⭐,Keep That Bag Secure With a Luggage Lock Bud!,Puroma,Combination Lock,I'd also pack a standard key lock. These combination locks are great for easily opening in the dark hostel room at 5am while you scramble for asperin.,Supplies,🎒,https://www.amazon.ca/Puroma-Approved-Combination-Resettable-Suitcase/dp/B0D2QZSSDH?crid=M2S2ZKSBY1Y3&dib=eyJ2IjoiMSJ9.JvWmglT6wjQcgNiVtIXUXEErNXST0BVjJViLeLS2F1zA7O94tKsWBckzqSx8bqSzPKE2yvb1KTOZAFJhd_cyJjmsUeULrkt7U9Cdg4IuNlQy9goMiEPoTdg45fCvW35c7BbqBdHkStPjzVzwjfRbu1k2rVw-TvvCqrLqHnvrwK1eSVlm1k6_ELpjj-sAQ4KjiQgcHij7-y_EORhSIsQPJB9GHlycW1jFx_WpKmr_4IBZ3nD79kgKa5B202LozYjbS63ANLuiNbwxNXSvgx898QD8kvxTqrYMlClDN-nG04A.AZcYGjfuqTv9CsBner1oEZCYNH1aNOsddDI8WMcUagY&dib_tag=se&keywords=travel%2Block&qid=1785595483&sprefix=travel%2Block%2Caps%2C152&sr=8-7&th=1&linkCode=ll2&tag=yondersaymser-20&linkId=f47814acedec9df9a0a13b9f0489f1d8&ref_=as_li_ss_tl
🧗,⭐⭐⭐⭐⭐,"If You're Gonna Buy a Carabiner, Get The Right One!",FVW,Auto Locking Carabiner,"Do not buy a cheap carabiner, get one that is actually load bearing certified so you can use it propery and possibly in an emergency.",Supplies,🎒,https://www.amazon.ca/FVW-Climbing-Carabiners-Locking-Hammocks/dp/B08H1NLXLR?crid=2K6KJ5Q58PJNN&dib=eyJ2IjoiMSJ9.hvch62dihP9bHF42ebtdLQjrPqDUuVAfPjAapWMY0obUC-d-IcStFWlq_H7U8BvtML9VcdYz53MMzrdmfwwRGz_wbjQ-Kq63fDvAEgnL3czLobiW5xbuuZwpdMYjuyMS79Tmv64jcsiMcy0YFM7qXFFYK0C5dvPqctZWYuqaBuZGFFwgHRYEmJlqTfCwvUyayC-0IjFY-YLsTYpNG9jUe15oGSvt-5jzhxhZYxdCuRf4fVdzmBNwsZcFOhlugFeL8md-NklOM0En33bzz0nDXyhVAFZPcbvf2UFD3tc30X0.F8RBgAJ9ekqoCd6-cssQQqbSyOCRxnvIYnfGdGbCKi8&dib_tag=se&keywords=carabiner%2Bclimbing&qid=1785595642&sprefix=carabiner%2Bclmibing%2Caps%2C147&sr=8-11&th=1&linkCode=ll2&tag=yondersaymser-20&linkId=1e297c41cafa493c2b4fbcf5d3fe91a1&ref_=as_li_ss_tl
📒,⭐⭐⭐⭐⭐,There Is No Finer Notebook To Carry Around & Not Use :P,LEUCHTTURM 1917,Notebook,"When it comes to paper quality and feel, there is no finer notebook I would rather caress late at night as I toil in my rhuminations.",Supplies,🎒,https://www.amazon.ca/Leuchtturm-1917-Notebook-Hardcover-Dotted/dp/B002TSIMW4?crid=QJO5BPDBFWXX&dib=eyJ2IjoiMSJ9.o49jrU-R-wjN-gkSHSTiSnb2uamLA-bIlHIX5gXQJODccJHHh3vY4iWlYg3IwFwqvWdTzByMb2_8b-L3UdTPbvovN4h5mr742Pwk7J5Hff7-MxqXZGS3Mw9iBjGRY_Aw_wJ-e8ZGlYR_9PGj0aFaDt2VMqiYCHhnXPmAhAs7kHSBLR2F0n7viBIkrtdDP7AN6lFolEhHNjyY--u6sMISPc1uSDBLOv1PGkoSjaaXS-pF4vmT7V8FX3BHJOouEB7vwWcAIIdMx8VYjZlYX_RF6500OkRTF64FHaOY6hQb0r4.7twpOggBWslkfuLxG0VmF38agDX3gaUca4co99QsluU&dib_tag=se&keywords=lectrum%2Bnotebook&qid=1785595840&sprefix=lectruum%2Bnoteboo%2Caps%2C144&sr=8-11&th=1&linkCode=ll2&tag=yondersaymser-20&linkId=f2a79b371ebe37dd76e0cbbe1e21564c&ref_=as_li_ss_tl
💵,⭐⭐⭐⭐⭐,"This is The Best Wallet, Ten Toes Down",Dango,D03 Dapper EDC,"I love this brand, they make so many cool products and they last ages! The wallet has served me for years and the belt buckles they also sell have held up my pants for a decade.",Accessories,💍,https://www.amazon.ca/Dango-D03-Dapper-Bifold-Wallet/dp/B0925CV8CK?crid=2ESCWCEPR8398&dib=eyJ2IjoiMSJ9.1VDpTEI7L2OxQ2U4vYOwwxjnH8sZ1ma9JtNKG8g0UbhO9R6Y_MQXwOE0i-wZggzYvZtRdDa6ytFrr261DqLwQd08lvT5xoC0PHdu4LWYhD1-tkppczGClkWSfEuJaNtg3WCqFjH4eB_tGOAB9jN7xE-2GmGdjXQVF09Q5167Q6wOS-T1RwzXCZ4fSgtwc5mTdk-K5LeuFoy283F2NH4M6miZ3obcD0HZkWeWClhafUVfdNOTksgSFssOXIUpR4FuCA7Ts-hvN_ULvAPZCTyJ9dK94WVVGsiA9eDvO0d7au8.xhLPFCpnKN0MJPT_09GmjKwkguo5ckkI1jyaGcqN_XM&dib_tag=se&keywords=dango&qid=1785596424&sprefix=dango%2Caps%2C164&sr=8-1&th=1&linkCode=ll2&tag=yondersaymser-20&linkId=54e674738bdf1e6fb5cb9581b06f08fa&ref_=as_li_ss_tl
🪫,⭐⭐⭐⭐⭐,ONE CORD TO RULE THEM ALL! USB-C to USB-A Phone Charging Cord,AviBrex,Power Cable,"Most of the travel infrastructure out there is built on USB-A, and most modern hardware we carry arround is USC-C. In my experience this is the best cord type to haul around, unless the outlet or plug is broken...",Electronics,⚡,https://www.amazon.ca/gp/aw/d/B08KJCW27X?pd_rd_plhdr=t&hsa_cr_id=0&qid=1785596841&sr=1-2-5a5562f9-fdfd-4101-9f9d-d76aa9998432&i=aps&aref=k2cj7pfyl3&th=1&linkCode=ll2&tag=yondersaymser-20&linkId=056fde4bedfed35559f21d8a3b95cc91&ref_=as_li_ss_tl
✍🏼,⭐⭐⭐⭐,There Is Only One Good Pen!,MUJI,Pack of 10,"This pen, from MUJI (duh) is the best pen I've held in all my life.",Supplies,🎒,https://www.amazon.ca/Muji-Smooth-Ballpoint-Knock-10-Pieces/dp/B08P5J6CHH?crid=CB7KBQO7U5D8&dib=eyJ2IjoiMSJ9.FOAeqiM4EHURDQtmkJMYFLdzRw8EXoEziPojtYmVlbrTUAgdVPPyM_S0YBVoNKFSlOZErGCpHPVaICXIh_3QA68AQQmMvgi9V_-JwBbu9YbNLaeppmBi8b2a6yOBBMMEms_wmCAZXpiFv_i2yYBNkiuiPH7_wyu4twOpeccmmEt7EgrJX1LLvzsTSTjGvfERcj6y27GkZKAzpU-SuZuFZFZZ9pze11N8-9BTbutKy2hnfY_v8qrAZ8Eo-Zy-3kOQggEZh41-XWd8nMvtqTABb0X4nwdrj68OpEIryaraPdA.gbJVG4UveEsAIO6vMbF5IgJUje2br-srFecifpWAvts&dib_tag=se&keywords=muji%2Bpens&qid=1785599191&sprefix=muji%2Bpen%2Caps%2C160&sr=8-6&th=1&linkCode=ll2&tag=yondersaymser-20&linkId=f94a366cf7e682950a12e0c89a4aa363&ref_=as_li_ss_tl
🖊️,⭐⭐⭐⭐,LARP As Your Favourite Writer with a LAMY Fountain Pen,LAMY,Fountain Pen,"Listen, the look is what it is, but the pen is a dream to write with and just flows on the paper like silk. If only my fan fic was as worth something.",Supplies,🎒,https://www.amazon.ca/LAMY-safari-vista-Calligraphy-Right-Handed/dp/B000UUIZO8?crid=3FMPCO0MO9K21&dib=eyJ2IjoiMSJ9.0FAMvtqsmOQcRWblCrqDZyhJuZYulXgGsTeTd6S8w1LaR49JGBKYRBdv8m-cpcWiZ2i-tPDsRiLbGqxC0C488vcFyfyg6UZ_HONUSgPhDn5rnbcqh5x0WZYl8eVvZtJmZyCRMw8loxkXZIGjDnmPrFqBcFDzQSfzsgmVz03aYVRyUCRkAchRZXuyyi0D4t_mlj2EmUk5XUaM_E29smQLQAuzjsq9ZsDYjIFXz2tkEnlFq76yt8F7uTUtdfLzAvcBdshRGNEvu9RFYU2t1z1Oc5B-ti786Lm14m9B7OtH2lI.thdxkV21YoeiBI-8LJzhafddIexc3WaoTHlVtRgVMxI&dib_tag=se&keywords=lamy+fountain+pen&qid=1785599283&sprefix=lamy+fountian+pe%2Caps%2C204&sr=8-19&linkCode=ll2&tag=yondersaymser-20&linkId=7d99ab4fb2d0bfeba626c64aa0a71997&ref_=as_li_ss_tl
💧,⭐⭐⭐⭐⭐,Why Are You So Thirsty?,Hydralyte,Electrolyte Tablets,These are an absolute life saver if you don't want to raw dog water daily.,Food & Drink,🍳,https://www.amazon.ca/Hydralyte-Effervescent-Electrolytes-Dehydration-Rehydrates/dp/B08QBG7NV7?crid=3QAX8N878X18I&dib=eyJ2IjoiMSJ9.z_vX-4S2z4iFqnxbHTvI0Rpppjs0pjGfrBNTFbnK3wONNg62By2qG--kLMOwV0MYP-m3z4Ry7PhNmfzMvrNMQyMEp7jmpBH9qLhmv5gfje2f_U20t57FcD7HIonzu7nJFizXDd5CVOuAFJH66yeFXaM1-Ce2OKOYpuLnrOumEshN77AmUyzdWkP_gAr8lSb7H3pEhWfempczuAxkkmVDb1ZjH1-3xuYLKNI5FPi38PCegn4CK_vXkjYGvPwN99wR0WIgIVe99SZbaMfMwjTrPdKt4oht99M6xHuXS8kLc8Y.hxlJpq4a595p0h6NfoeZ9OfORr-pNwI3MLi5WnbpVg4&dib_tag=se&keywords=Hydration%2BTabs&qid=1785601967&sprefix=hydration%2Btabs%2Caps%2C368&sr=8-9&th=1&linkCode=ll2&tag=yondersaymser-20&linkId=e6cc8483a4efe2559c0a7bfba72014da&ref_=as_li_ss_tl
🔥,⭐⭐⭐⭐,It's Not Just For Runners!,Huma Gel,Chia Energy Variety Pack,These energy packs are great for those early morning flights or early arrivals just as that ten hour flight delierium hits.,Food & Drink,🍳,https://www.amazon.ca/H%C3%BCma-Chia-Energy-Gel-Gels/dp/B0DBNCPRJC?crid=1ZFY6KEFU6VY7&dib=eyJ2IjoiMSJ9.TjxjS84CNCqTj3y9lduDpjl89S3pS_U9_pWIEwMZGMDkoroC099cw9B81Q1iUB-PE-00ta69v6wvie7Nk9sVV6jNezMYy91ad7O5wkm0DZ7qP5H1KwBV6TESRcOSqTK0TcP3odFEAipBF_iH6kdqbnD8wAlvHtJi4LEC5Igafj-mi7coyG3gFMSjYb5vcUXtNuM9hnrZKw3LpHxpzHQCKRURcLA59sQCrfOzgVJK6M40vwhLNY4xKiOw_JvwKAaDWZmo8r48lm1u83z0iHS5LsFy0_60kPXM2iuEphjoZJ8.fjxR8cSiAXOnVrTstWr2g3B3pl-gTV6PgKIUBwiOIUU&dib_tag=se&keywords=Energy%2BGel&qid=1785602101&sprefix=hydration%2Btabs%2Caps%2C176&sr=8-17&th=1&linkCode=ll2&tag=yondersaymser-20&linkId=bd9068f542aa44e6cfba2e23b2318220&ref_=as_li_ss_tl
📱,⭐⭐⭐⭐⭐,"If You Have a Tripod, Add This To it, You're Welcome",SharingMoment,Mobile Mount,"A small or big tripod makes this a must have for those solo travelers who, while out on the road, want a selfie to use on their dating profile or just a nice p[hoto to send friends and family, you do you.",Photography,🖼️,https://www.amazon.ca/SharingMoment-Smartphone-Horizontal-Rotatable-Adjustable/dp/B07S8TTH34?crid=2OD6HOE44XLQX&dib=eyJ2IjoiMSJ9.zIbNdPfsrFtrBNhH_dxLN_EwGbufO8E0PLzfwthdq1NvhcqQ3U2fDHfD9k2mcbUc2M8IpHygbAIYgTyIZq0ag66oSbrf8y1I_a2MWAtLUctGcMw1nQjUjkftpdgsF7oYoDOndVpkklBk2JDYJVJjHpGMv8h7urlZxobB69fV5qJrM7NewT5OIfSQR-GNEn25JZERm54Xov_7oXJIfl7ofNdBSIyg92YM071I1Aac66uL99fj9fJMHmuinU7aqQQV-OCbisBJ2G0dN8lYneZz-kcyftzrc-3M7qtlEOaW1fE.yJjECtK6V85kHgTj8tM4At4SzhfCAUDmpZc4fUM7mzs&dib_tag=se&keywords=cell%2Bphone%2Bmount&qid=1785602207&sprefix=cell%2Bphone%2Bmoun%2Caps%2C168&sr=8-16&th=1&linkCode=ll2&tag=yondersaymser-20&linkId=dbf0e6c103b34b6b196b377a1e167c4d&ref_=as_li_ss_tl
🔭,⭐⭐⭐⭐⭐,All In One Tripod Kit - Just What You Need (Maybe),K&F Concept,Tripod,Includes the tripod with an omni-directional head like the Exorcist girlie AND a phone mount as well for those solo dating profile pics at sunset.,Photography,🖼️,https://www.amazon.ca/Concept-Camera-Tripod-Capacity-17-6lbs/dp/B0B1HYVVTV?crid=1SMXO5570QMGN&dib=eyJ2IjoiMSJ9.oKLf8_gSszUivyYMt2IgUZLjGhiLbDXYtRCy-ZGKdujGkbXmZLP9ei8yy2oyenfl8YJy7OgJjyxa6l_FXXfRI1cX8GuLEU9pudfy3ACJDgDRzkwhGc4BlqAnzIPPfwxXo0tpusYekKpMfyQgT2xPPI5OB8y9qLsrEkmrAUeeLV7R7eto8wZehaee7xknjGCOJMLF8C6FxYLzVuBMceiKgXxOpn88zhYXvbV0wvBt8TdAuOhJ6oaaZvcFzzLJQE9K4CcT1t0l1Y1sWLEp6BFKD7sMfD83gMPjlgskaxECYvc.NInQK1sOD6EKPYdGV3GD8RtHxhvnOc0sa8OBir4PQDw&dib_tag=se&keywords=tripod&qid=1785602400&sprefix=tripo%2Caps%2C227&sr=8-23&th=1&linkCode=ll2&tag=yondersaymser-20&linkId=268410986786efe99fe6a0bddb6ce891&ref_=as_li_ss_tl
💊,⭐⭐⭐⭐⭐,Got A Headache From Planning? ,Tylenol,500mg Extra Strength,Don't forget to pack some extra strength pain killers for those long haul flights or difficult mornings after.,Healthcare,⛑️,https://www.amazon.ca/Tylenol-Relief-Medicine-Strength-Acetaminophen/dp/B003M5NXMM?crid=1OGHL2EFFC3E1&dib=eyJ2IjoiMSJ9.jBchh8iVxHSwmP-7PtOEZS4FzEQddpY-uts_Y0lHBssDaNSNmuXsSeOQbU0VNNQkEd6fMQUuYyQ3EaLP5y-laT6N-1WHxqVO_CTKRL4Xhlx4tger9q2qWFCccZJpjOgXxDUpubenAKSqWeamEZSgQFztOGTlUTicRq9Gzmlc6OuWexQiTI_Val_4VCcJI45PfyoTt00DPaP3FUmxJZFrU6nnH5AMqxdKXgn3uXNZ_jBFrvaXWYwbXtgayAN25NB-mnc0wTC2SONa6_gxauzSYpq9fzFWGvuI9pACfhOrIIE.9WAuQEByWzeTj6yqK0-Jxd4LPIQSVROWLZSBAcFZzDE&dib_tag=se&keywords=Asprin&qid=1785602577&sprefix=asprin%2Caps%2C165&sr=8-29&th=1&linkCode=ll2&tag=yondersaymser-20&linkId=348bc2ea3ac8cfbdc056d1b318bb2115&ref_=as_li_ss_tl
🚑,⭐⭐⭐⭐⭐,Did You Know: You Can Use Super Glue As First Aid?,Lucomb,Pack of 12,"Yup! It was developed in the first world war as quick aid to seal wounds, just make sure it's the non-toxi variety lol.",Healthcare,⛑️,https://www.amazon.ca/Adhesive-SuperGlue-Cyanoacrylate-Flexible-Precise/dp/B0C5C9VDNP?crid=T98IGT9X08DA&dib=eyJ2IjoiMSJ9.Vh7Mwi9TDzdBgMftvTxcQvBxuT-qwgbQumYtrWLh6yvnlb0LQSqxynKHGVVNFmxPifjR83sHGuNHK68Dkouyjemtptg7mIi13nrFBaiVoQNASWNpQ_RtTIN1DgsWO9cO0CBn_mkDmkMj2ledOwLyxQK0ZD-bWFbX9mglbWBY8soQi6fxIaR9m79WG3EUg0pauajddkTnS2fumacLGqu6g7yOYcZu_Y2J7SAPZ4eiEXBXSkN1IZWkp1zOUd8puqgrO2NhT3cXt_JqkHLHeO1DUUs8PKWKLXe_Sx_cDX0K0W0.PPDiZ4up0kyA5QUqLosrQRFlK-LUf7Eg56tnRv-P7tw&dib_tag=se&keywords=Super%2BGlue&qid=1785604408&sprefix=super%2Bglue%2Caps%2C190&sr=8-10&th=1&linkCode=ll2&tag=yondersaymser-20&linkId=3804e083f3f98f56b4b6f1ac50c61b20&ref_=as_li_ss_tl
🦷,⭐⭐⭐⭐⭐,Keep Them Pearly Whites Looking Nice,Philips,Sonicare Toothbrush,Always try to bring an electric toothbrush with you. It's just better for that sweet smile you got on rite now.,Healthcare,⛑️,https://www.amazon.ca/Philips-Sonicare-Battery-Toothbrush-Hy1100/dp/B08LJTB2KC?crid=LBJGIT0J7RYL&dib=eyJ2IjoiMSJ9.ParZgTIyGDpbkn3qB77t9-DqW5n7fYCr1NYcJKmrkjvcUh3bLGw5eZEK2yccaB8hFxuA6Zwd-jKWkYrOcEGOiI5HulY1nRXfnBMnV_t6tkVg99LLDQmpXtVZA8Sw9-vSeBpZJwvOnqud8H_jwooaaxUwH7GLV1vbHSTpHJaEhNa2Vbp4AQmggMLVP2BP3ZmMiaEHyMNwaPlNv9n-VpsXxCbre6e8kaZ77hSfKatRkpgZm7nG59UywRtPWgQb1FK6E56LZihCNsOwbByPcfxop2Pl6Febpu-Cxje_jH2oXRQ.uIV-_jHpG3iRw3xBMGtNLow4c1dHzB8QPbI8MthKcNs&dib_tag=se&keywords=travel+tooth+brush&qid=1785604571&sprefix=travel+tooth+briu%2Caps%2C158&sr=8-16&linkCode=ll2&tag=yondersaymser-20&linkId=5618823e72ab7b5fd06e24faf905c139&ref_=as_li_ss_tl
🤢,⭐⭐⭐⭐⭐,How About The Refreshing Scent of Old Spice,Old Spice,Pure Sport Scent,"Listen, you may think you don't smell... But after two days on a bus in Mexico, you'll realize you were very, very, wrong.",Healthcare,⛑️,https://www.amazon.ca/Old-Spice-Endurance-Sport-Deodorant/dp/B08583C6WD?crid=335CPU86S3JZ3&dib=eyJ2IjoiMSJ9.KaKS7_U7tRSvwR7l2H8CtxDF-yrjdYLr5vpisiXtmY7m7qsg7sJc2AuE5x3SWDjSinFxNIqeu1HPM_Qun5kwQ3PuInL68lObkAqoWvGvLL0CYCFZkFEloU-zCDrjo6BFa8asQIqQC4zROPGS4r9eMcOz4XlP66YERjUVV-G093IxfbzvXrIjTdXw7NEI-IzQu46HkoUlh2IcPp_UkKZXAKEU4b20rR13YUJCkXwojkSVRktv6ifMwB_i36xl6yv5ynJ9WJYUjlSlghL14ZE5F_7IKCd7brwOxQBg5FRoorI.AiskFJq4P4wWsD4BGUnwB7UjWPQJAYhZI-FzIq7yapY&dib_tag=se&keywords=deodorant&qid=1785604853&sprefix=deodorant%2Caps%2C251&sr=8-17&th=1&linkCode=ll2&tag=yondersaymser-20&linkId=a66000f9938299693f14f72d4e5cc569&ref_=as_li_ss_tl
🛂,⭐⭐⭐⭐⭐,Don't Lose It!,WALNEW ,Passport Holder,"However you keep your passport, just make sure you keep it on your person at all times. This one even comes with extra space and RFID blocking; neat!",Accessories,💍,https://www.amazon.ca/WALNEW-Passport-Lightweight-Organizer-Travelling/dp/B0D3Q5ZNGN?crid=LGJLZXSXQZCP&dib=eyJ2IjoiMSJ9.A6lpY_uxBRu1JvCVEu3YkgfBVXDjz2CglT9ojQ6y_XPoD0-zxyrwxLznsmTOrHdER9rkijNFEgdBLtIiRzwO1BEkhckaliFzfjsG9mnfYmi0gHd_ZLQhfoBcEgMeXb43htJ7TcEb1mEH9egFKY3RuQFBv8Hfmy90MGkFjrC2G1agZYkj7FVklP2X6muna3n8OcXTJ4SGQCL8d5ZV2yYP3KoZyvzjhNjXTUY8Tt1MR9W7nk7R2C8G7nxw_vqIKOIWmSLEvo153eetOtEQQ--3ARFHwRHDL90MCTh3PMoPHVY._10YHHjoytcFt7_lL6CEB7QGv9zKThUno6MRrtimvQI&dib_tag=se&keywords=passport%2Bholder&qid=1785604995&sprefix=passport%2Bholder%2Caps%2C172&sr=8-35&th=1&linkCode=ll2&tag=yondersaymser-20&linkId=ea64d2f5505093ff6c43fba025449212&ref_=as_li_ss_tl
😎,⭐⭐⭐⭐⭐,Keep them Peepers Safe,Alladaga,Travel Glasses Case,"For those bifocals or your Ray-Bans, keep them safe when you don't need to be looking like a rock star at 4am.",Accessories,💍,https://www.amazon.ca/Zipper-Sunglasses-Plastic-Carabiner-FL_ET0023/dp/B07W6PRKGP?crid=21OXFLWSEG11F&dib=eyJ2IjoiMSJ9.1Zorc99HWZUZbBhOigG9RKY2HVc4xe2VWvnHRhyuZr6V0WwFVTswab4g0yJh8E8AXmvZ1naHHq7VH3Y6PqsTLF671LOT_K1DrihQjljR7PFlJ0vl54OkN6YMrvzv7mbpNTuIXah7YS_Z8btul7zwe3RfVRP2rLE19VyYoxO1_obouTbeXU_ROwLhWjMQkDTMV4giYsc7M8bjLvn71jEWMh-OzXFWW-vXKTgcEE8V1S_3fjQZRCSoU2rhgMSO38IEmhiW9u8ZVpBPyzgcEJQ8nGOIdszzZBJvyylmilYE5S4.jgSjQrnmBywMP7aBg-AXVGxjuA3wbEpoqFIaiRfskGs&dib_tag=se&keywords=Glasses%2BCase&qid=1785605134&sbo=RZvfv%2F%2FHxDF%2BO5021pAnSA%3D%3D&sprefix=glasses%2Bcase%2Caps%2C210&sr=8-25&th=1&linkCode=ll2&tag=yondersaymser-20&linkId=9adb13e30e205781c8604a406199b22f&ref_=as_li_ss_tl
💾,⭐⭐⭐⭐⭐,USB-C & USB-A Storage Drive,Lexar ,128GB Drive,"Easily swap files from your phone to a laptop or other device with this dual mode USB drive. There's 128 gigbytes of space, loads of storage for all the beach pics.",Electronics,⚡,https://www.amazon.ca/Lexar-Type-CTM-Housing-Swivel-Design/dp/B0DH1MKVQV?crid=2P4Y4BRN50GY2&dib=eyJ2IjoiMSJ9.-hLG6QuRydKPdGcVz-Dh7dUtvu4yCpwp7RwvVxmbatG4lFg4Hv_aEaRcdaMLaiogH0Y38pnE9bzX2ZNDUdSZqhkNG8LHNqwVMFN_XvicWiVi64PY4Mb5WdOf1AHgjAEC-Fl84cUMT0K9bGFOWYFoH_4wywmM_PHm7Gx0t7GO2ounJEMXWwHEwHPmISni5rovkC-QiEnubnWHuZwYGsKmsWTK-FYuuyMF5hvmErYmBtjKjA0_OClQ3r1tywuK-hzod0P-bu2EcxTg6egF_Ubz0v9XXnpzUPiwFDUVcHmhXQY.zy4DbrZ9sE6fTk9BKSFcO6v09PBuPfLNqlBg59EaBn4&dib_tag=se&keywords=USB%2BDrive&qid=1785605760&sprefix=usb%2Bdrive%2Caps%2C253&sr=8-7&th=1&linkCode=ll2&tag=yondersaymser-20&linkId=cd74d70a3c0ff9a5050bd4adf9dc8760&ref_=as_li_ss_tl
🔌,⭐⭐⭐⭐⭐,Just Plug That Thang In Anywhere,VYLEE,Universal Travel Adapter,"While I usually prefer travelling with a power bank and half a dozen cords, this does make preserving the battery ALOT easier... So long as the outlet works.",Electronics,⚡,https://www.amazon.ca/VYLEE-2xUSB-C-Wall-Charger/dp/B0C69B2KJX?crid=OSL8TC8PN5NS&dib=eyJ2IjoiMSJ9.Qe_EeC8NRT4VG9VIewSpJqegnLIvAmAJFFl2-MyiOkNVinKxuZKawKlzsvktVnYTvkI5TASup0BPfBewwgD7tBxf6UTuyjb9vc3OXidrG_XIQmU9LYX9t05i5z4OdOU10jQ5wmnpBXQnxP4mg2ClDx1Zg4T9yDlNsYocghfADBxoon4xNWsBpIyiqSRQdg_KqxmUP3VebFzITr98qrz6aJSzGcFa6E7uB_Ii0u4rBa-u0DkhIxzYYd-RTio2IXN4q-RbqJBShNHoGcfBPjG5S6KEq1j_cbFkZKHVSFPQVwg.kjbEIe8Ojm0SDKHKG99M5uacS42f2VtEwxPLiHQ-FcQ&dib_tag=se&keywords=Travel%2BPower%2BAdapter&qid=1785606216&sprefix=travel%2Bpower%2Badapter%2Caps%2C179&sr=8-7&th=1&linkCode=ll2&tag=yondersaymser-20&linkId=662edb04bc5cb50b97831c60ab6df1b8&ref_=as_li_ss_tl
🥸,⭐⭐⭐⭐⭐,Get AS Much Beauty Rest As You Desire,Albatross Health,Unisex Sleep Mask,"Hostel or hotel room light on at 3am? Pull this over your eyes and forget about it, you got an early morning tomorrow.",Accessories,💍,https://www.amazon.ca/Contoured-Blindfold-Adjustable-Breathable-Traveling/dp/B095C7H62X?crid=367G2R3I7Q22C&dib=eyJ2IjoiMSJ9.F8woxzjeQjz0OpSP3dySpBV0MK2-P4nRzI0Ld6YvNhMtryWPEttpv6r9ciWkYvmVmKsdiJmOx6NWTFOR0KkjWY1A4NsKQCRx8fyM7IwahsaaLuBsjDWxe1IeXNlDUfA18TK17Is1USXlpUKtKVoKlrNCnycnS5Cwn6wtlao92coHy9l_3WAJFA7U4XBKzlFthF1cPz0U7ibpK23twcqbQaCrvWeCx6P1h3Xcv0Ewa855wdBhaNMiOwLtwj-Xs95BAexsCmMNZcN3K6eoUoPRPvfjrHPT1_ksnBMWTXrZ7Tk.kyqTFZOucmOIJMJ57p43JuZ9NXDXiJ9s0dIoMEQnI6A&dib_tag=se&keywords=Sleep%2BMask%2Btravel&qid=1785607101&sprefix=sleep%2Bmask%2Btrave%2Caps%2C188&sr=8-8&th=1&linkCode=ll2&tag=yondersaymser-20&linkId=0dae6e8ff9e0866604899ea592a844d0&ref_=as_li_ss_tl
🛀🏻,⭐⭐⭐⭐⭐,"Everything You Need, One Package",TREKTOTE,Women’s Travel & Hygiene Kit,"If you needa full kit of goods to stock up on, this has you covered.",Healthcare,⛑️,https://www.amazon.ca/Toiletry-Personal-Essentials-Approved-Vacation/dp/B0CLW9YG17?crid=10VHG4KSCLPTK&dib=eyJ2IjoiMSJ9.YuXU1YOLpXWBRruq-MjrKAnJ4Pd651EiwWeKZ9ApcfLGTfOZbaZMuw0VCJEDRz4Y3ENzZYAm2ISsk7U2isJpBXAwK3kpdseW5JTaA7Hnt5BD8kCc3LVMXZmrTBQ3R-dw-gZrftYv7N0Zx138rgUAPdLgCVR-n56Ld-OEa2L4oYU7-fQ6CrB8IZ-goXcctw-GDinrf-JICYJKnEukqGYZfDUguUjZwdwwQ7T-q8H_tf78LoPtm8hWgsYJDHhQrjYU8tNAEnyn-cdyHFZzImfJwEUbO7_AuzjwuYsYW6J0XGo.m8ziE2rpfdcua3gj88NQvg7juCs0lugU1gvBg9D2e5U&dib_tag=se&keywords=travel+hygiene+pack&qid=1785607282&sprefix=travel+hygene+pack%2Caps%2C204&sr=8-6&linkCode=ll2&tag=yondersaymser-20&linkId=98d254a699a023ea03f238ae1fe79794&ref_=as_li_ss_tl
💤,⭐⭐⭐⭐⭐,Knock Yourself Out!,Webber Naturals,10mg Max Strength,With 10mg of melatonin after a busy day on the streets exploring a new city.,Healthcare,⛑️,https://www.amazon.ca/Webber-Naturals-Melatonin-Strength-Vegetarian/dp/B0B8P9WZY3?crid=1TVUKPFO6K2WA&dib=eyJ2IjoiMSJ9.Dku1wHOW6PMTgCXFsYZth8KrUjfrHhz2N7OjcFHfvmdu4ePe2LKDGrSM-vow-VSHr6Xc3nlYFpu7YoBcRO6YDYoQsxYJbkClZ4_3ow8D22hDJYCBs9DpeWKUleYo--Fk520Agub6bmCgVjKDJhChg_uDi4hvbC1HOZxT4D4j8f6kWDUS0b540l3Kj1G5Z1-Wrc7ybTXiz_Mx_lUetbuosczrci3ulW2lTXUYZtGKr-ySsaB0KGaSn9MHE3j2VVfrBW8hurIGprBAsmafVW1wx7PfPhCs0GcQGQd4mI4fP6A.Db0ncIp_n1mk0vVU9QOc4-2aiOEtsC8QY-GvFAyEjqM&dib_tag=se&keywords=Melatonin&qid=1785607361&sprefix=melatonin%2Caps%2C191&sr=8-6&th=1&linkCode=ll2&tag=yondersaymser-20&linkId=8ef0ddc7c566a0b1ab9451097120b93b&ref_=as_li_ss_tl
👓,⭐⭐⭐⭐⭐,Can't See? Remember To Clean Those Glasses,EVEO,Lens Cleaner Kit,Stay streak free as you streak across the empty skies overhead.,Accessories,💍,https://www.amazon.ca/Eyeglass-Cleaner-Spray-Eyeglasses-Cleaning/dp/B086855GX3?crid=1JVRFJY62MLPK&dib=eyJ2IjoiMSJ9.IUWP61y1W1NXrxJVkfOLDEHhc_GvksgUb8SimplN8WBtsDaMDgnaix1y0jlKLDVmO0OKiZseZB7pjwwb0PVJ4pKQwtM8DOk1rW0QJfatjboBfom3u9mw3pH9hiViv0iU2sfCSyjkzizeAYGCOwunx0qaLkjchHDRRSqkr3m16Z96Ca6goBFCu90hF5PC3qONc1tPhZnPGMfOQ-M2mMuL0b1H5CP3-tGigssa49JqHFhBsKke2VJICqMNMXBMF7rQ579cKjQx2TDkZcZR6UbLI3mTdYe74_5QKVfiyGOlXUM.CCHFHs_P8_qe2Ub6Xd3yo8-EnArocIA8sm1ghTyKl1Q&dib_tag=se&keywords=Glasses%2BCleaner%2Btravel&qid=1785607513&sprefix=glasses%2Bcleaner%2Btrave%2Caps%2C180&sr=8-7&th=1&linkCode=ll2&tag=yondersaymser-20&linkId=d9c1cfdce4e34fde2cbb03b8a517cd68&ref_=as_li_ss_tl
🔎,⭐⭐⭐⭐⭐,Did Someone Touch Your Lens?,Zeiss,Pack of 200,Get that Leica lens crystal clear again with these disposable lens wipes. They can also pull double duty on your glasses be they perscription or just for show.,Photography,🖼️,https://www.amazon.ca/Zeiss-Pre-Moistened-Cleaning-Camera-Binoculars/dp/B076VLP49L?crid=1PZXV8BPN1EVK&dib=eyJ2IjoiMSJ9.M_N8KiyFG96cH6ecNRhveaHNn4pQlAvfD8IKLHnHq1YkYtp3vlKGoyShyHPcERfdnd9iDwnuRYtdG-0-dhySSWdKpP_T1YxE8-KpLVEJQTvBpHlPsgFVcuedX2m4OsnoK1ExGhkZfy159jNssylxaU4nqlafwWIcHETQE5fCtc6XghrL-LysmCbMRpM0e1qGyQoe2lc-r6zyjbW3O_-9mDnBRLJr8EtKOmEyuU8aprUroyGasmtJsrYlzPQgAyhy3wjxkelcwBfDdYQr9I2cwL7NW5b2D-ACW1rYaAismWs.0tIInlmfTySHh5Tj7SowMcwt9KGQxSCPxcVGZIz0rCY&dib_tag=se&keywords=Lens+cleaner&qid=1785607633&sprefix=lens+cleaner%2Caps%2C180&sr=8-18&linkCode=ll2&tag=yondersaymser-20&linkId=57073deac6653ce823f7e563a3ab1398&ref_=as_li_ss_tl
💪,⭐⭐⭐⭐⭐,Pull A Hammy On That Walking Tour?,Mayoflex,100g Cream Maximum Strength,"This stuff is great, soothes the affected area and has zero odor. Perfect for recovery after a long day.",Healthcare,⛑️,https://www.amazon.ca/Myoflex-Odourless-Provides-Penetrating-Non-Greasy/dp/B07QDNXG56?crid=HUK29G6DLNAQ&dib=eyJ2IjoiMSJ9.CZ9mD9a0tVYLus86JqsMyatduTLFqroj0jdnBI59H3zYzUGiuvMRL1-0mtQq-wWX9B0jePfPdevLGh6gd6c1vOshXTUwelF-rlGTqQjEQw_7Y9s4zsWZf6qoZb_1k7sBnRIxbI_5OeHZ3BCElDe7bO6L03fLGN-doPnViEbuGOi3uJtbEPGguGO9XEaX1bbk2CblegkisS_UCKfGPOpv0er37l1AtDXBeveQs83KOQPTpQp-EWlH9ZTTn4alfD2hD52iLUht4SE9ZHXVjc1dyKUAvSUQKbAhXlSPKOXVqM0.75ZBPVFhGYvoVOyoas5LUuePT6vqgIPwlEmC5n5nFU8&dib_tag=se&keywords=myoflex&qid=1785607828&sprefix=myofle%2Caps%2C226&sr=8-5&linkCode=ll2&tag=yondersaymser-20&linkId=58215001875f39298b1b50c8e14a9ac3&ref_=as_li_ss_tl
📸,⭐⭐⭐⭐⭐,Take Photos You'll Remember; Forget The Rest,Instax,35mm Camera Pack,Film cameras are perfect for capturing the vibes without accidentally leaking the venue to the rest of Instagram.,Photography,🖼️,https://www.amazon.ca/QuickSnap-Flash-400-One-Time-Use-Camera/dp/B0F25BWMV5?crid=1Z77USCD4TJSF&dib=eyJ2IjoiMSJ9.fr6T5ZE4Wf5WxCDdtBX9DNbtoodn2MuLiNMJDzPIdybe2sZc4gT_X7aO2SRAWTFRlhB-A2BMVHuR0GALQrb3Zqq6MB1M69TcqbX-yi1_A7np1UFbb7nv74EZzz1szqt4MH8K2eB8p5vkDPEx81KV2Je7WBG9IjSc6Rf2j7PpFV5r6009_iWVpC-eGyFTDmLWT69kKvzdbwd3YWYg3oo-hleF1Mh4lgcot0xdnBe5JKnSh-Ub-Pd05VgRHnFsn2xPY8SqVIkfrA6BgR7aymXOxRMJsg-V66DYLS0D-UC6oeg.K3Q1VhBBSkX5bfdJHk56PaGBc7zZu_aIkMEWTG2pATk&dib_tag=se&keywords=disposable%2BCamera&qid=1785607956&sprefix=disposable%2Bcamera%2Caps%2C247&sr=8-7&ufe=app_do%3Aamzn1.fos.a9cfdadb-853e-427d-a2b7-ed306eff4f60&th=1&linkCode=ll2&tag=yondersaymser-20&linkId=1965c72342ab5c5c0b539d4965d7e480&ref_=as_li_ss_tl
🎙️,⭐⭐⭐⭐⭐,Go Full Influencer,Warm Box,Wireless Mic,"Regardless if it's a on the street interview, a foodie drop in, or a conversation with a guy in a geko costume. Record it all, wirelessly, in HD.",Electronics,⚡,https://www.amazon.ca/Wireless-Microphone-Phone%EF%BC%8C2-Pack-Reduction-Recording/dp/B0DQTXPQRR?crid=2VXQ8JWAOD1BK&dib=eyJ2IjoiMSJ9.xFPxh_iD6Tqg6BGg4fRG6uIwcwBdIzSH2I0gPVTxWuQvGnM2A_tzKBTINioc6sw2Vl2vze4PmH0oxpcurP7sNKR1nkCU-4LXsTmTyqDNAcJltXK4BBtGVgd2v_Y08-GqzKtKnpNuV05rhjDITPZtQeBsK6zin9N2SflJqMmp0an-XWhB76htv3T4ugx-DhA0l1GqeujK_Ns8e9M53ZnTsukjf_fmQd9NdxRYb5zlN5UFRixaA4cM1ri8319cGx6s_8b_lKlvoFBke6WhtMD9k2JxEcfZmQozOR9yveRg988.Ie08EcFO5VxCD4KtuUlvSYTkrwC97QuxnCA1MU7DIOk&dib_tag=se&keywords=Lav%2BMic&qid=1785608135&sprefix=lav%2Bmic%2Caps%2C158&sr=8-6&th=1&linkCode=ll2&tag=yondersaymser-20&linkId=09d90a1fdcb962e6d35f0b570b9fb5f0&ref_=as_li_ss_tl
📡,⭐⭐⭐⭐⭐,Going Off The Grid For A Bit?,AGM,M10,Consider a burner flip phone so you can live your best life and phone home when needed.,Electronics,⚡,https://www.amazon.ca/AGM-M10-Rugged-Phone-Button/dp/B0DZ2QD2FK?crid=2XAVPGNLS5JD4&dib=eyJ2IjoiMSJ9.tzybT2vgYvN56hElbWHXIEt16B9Lg9rh3-L5fTLr-mBaS_ZFzw1P7HJSrWyGibpdROHRHW6XWy8B2MStphBkri114Csx_BRUR8NJfL0WCFoA8pmJcxzUwbvbg0FX0xpB5rE03XT7fq5nMPW7FAYcfLfbF9WoCmX1s2Y6EJLKnSRETYq-HUOmOmXGiWT5wtsaqOV6kMvTivflquze7sxWK4YV4jxbPG3Ks2y3baDN2PZPYDcybfbg_qAGcVB9RRCAxyxulCN8dp5OZ-ktv_HWlAakKUMHCO1Uk51WaybKtgI.OcgLWKE4kN1heQhNSyNCkpb2NRZRhFfmyxnjGyNDgYM&dib_tag=se&keywords=flip+phone+durable&qid=1785601680&sprefix=flip+phone+dura%2Caps%2C212&sr=8-11&linkCode=ll2&tag=yondersaymser-20&linkId=0234f7f54f59953ac82bbf1be3cbbd50&ref_=as_li_ss_tl
📺,⭐⭐⭐⭐⭐,Put It On The Big Screen!,BENFEI,USB-C to HDMI Adapter,Easily connect your phone or laptop to just about any TV or monitor on the planet via HDMI and USB-C. Opt for a chill movie night if the city feels more than a little overwhelming.,Accessories,💍,https://www.amazon.ca/Adapter-BENFEI-Thunderbolt-Compatible-MacBook/dp/B08KWG243P?crid=36JWG3I1X52T9&dib=eyJ2IjoiMSJ9._ds571Q_U4Ahr07zyzMFxf8uKkxS9yvDjXEWlMCgY_0mXK5bCZwa3r2AZv-ZAbZtjTO4XlG74AaQMe8s_-OF5pAbcxCaqFdbNZa1_qp3jLwGQC9MTNVkddfAqdlUKx9lGjWJb-1Rk8Qv2oq8sEkyreTxkpkp7kfgeKpTJvoeH6RmRl_C42BcDsrBumEmL4aNbHFd_NVGDmL3EGS-JhOSp_tIE34IC3nFkqQwEMmKhfcs_Rn8yEwlSMa-6pSil2rxlMDff-uUMc0UKj0Me6YUZGLbyNd3TP3-7YuoAodp2BI.r1URWcekhcj-lmMYCSkuyNP8HTSo4gJ7EAYpcQWUgEQ&dib_tag=se&keywords=USB-C%2Bto%2BHDMI%2BAdapter&qid=1785608356&sprefix=usb-c%2Bto%2Bhdmi%2Badapter%2Caps%2C162&sr=8-6&th=1&linkCode=ll2&tag=yondersaymser-20&linkId=0c040271c3d43b4a6c74501080093f75&ref_=as_li_ss_tl
🔐,⭐⭐⭐⭐,"Combo Locks Are Okay, But A Key Lock Is Better",Eteamcan,Pack of 2,Did you know you can actually break the combination locks? They all use the same pattern to unlock! Use a padlock for better security in the more interesting areas you find yourself in.,Supplies,🎒,https://www.amazon.ca/Padlock-Padlocks-Suitcase-Cabinets-Luggage/dp/B0BKRXLFVG?crid=2VKLXJA122IMM&dib=eyJ2IjoiMSJ9.I71zxUBu86JCyOHHiZRyYlXxmJhYGeDErpGqawyIfSstis5ccqdiN3RlhrGET1pCuON2l9rY3e28TN-YzZVhU1vX5Ffk0DYpdOUZoYytrqGazSSFTxvQ0xu1JDASMi3dUkEoYez5TEnK5wq5QtVqXxoDokUXR62RVscd5-UQGFtYNJM8Pl5qSmxWyV0ahWk2sQ8hgl3i7YyR24mT_wsKlmarrBaymTONces5ovd0pQXA7YN2jLkyt59NQPcZ5ghj0mrdiBQl284_wyRoOjgTK8Lbfqe5tEKisfWSiah-KtA._49RGP-STpw4c_jFtqkHQQaAtrWA71HRtIdzjSENQYc&dib_tag=se&keywords=Key+Lock&qid=1785608533&sprefix=key+lock%2Caps%2C172&sr=8-8&linkCode=ll2&tag=yondersaymser-20&linkId=4ca46026b060e655f905a5ca470ccead&ref_=as_li_ss_tl
👠,⭐⭐⭐⭐⭐,What's That Funky smell?,NonScents,Pack of 4,"We've all been there, but thankfully we don't need to return! Throw these in your shoes after a long day of walking around a new city to eliminate the stank of your last adventure.",Supplies,🎒,https://www.amazon.ca/NonScents-Shoe-Deodorizer-Eliminator-Freshener/dp/B07NXPKG43?crid=1F0PYLC0VCZ4C&dib=eyJ2IjoiMSJ9.sCVUzSL0azmpBBM72BeP97UY3yt8AXZgbn1oCULF3sLdHR9OJsMp2Wc6VqPi_x1PUYh6wFaFXhiUesf1Lf2SdZLtpTQBKmIkTxP33NCHuOkdr5r9z8-M2IwzCBxDervzTTuuhHKzMNzedH4zrayGiPTO9qC-s3zBpR3ELOl-2VZkTqVAzyV3s-qP178ktrA3Y5WFq1pvXIC3-FO9NG2lBMtKT11e7ItIhLdS8QkylLC1ezqjaaw6_Z-f3oD-rOpnuZjz9W13HJUNJzJKqJOxv42NoMN_I0wbYzfE1YSRbJw.Av9dt-X14JEqjdEtCgVGsg9JZdT6wdFOi1JCSnIWUL4&dib_tag=se&keywords=shoe%2Bdeodorizers&qid=1785608928&sprefix=shoe%2Bdeodorizers%2Caps%2C179&sr=8-7&th=1&linkCode=ll2&tag=yondersaymser-20&linkId=8c97951ab3b81c971e1e53262765544e&ref_=as_li_ss_tl
🎞️,⭐⭐⭐⭐⭐,Film Recommendation: Porta 800,Kodak,35mm Film,This stuff has the best contrast in 35mm color film and I loved shooting it everywhere I dragged my camera.,Photography,🖼️,https://www.amazon.ca/Kodak-Professional-PORTRA-35-pic-Photographic/dp/B0010SFWKY?crid=2B083TAAEA2AS&dib=eyJ2IjoiMSJ9.6en32tC4WpTtQi_N3WAz8k7i05liIqZH61Of9qYPL9fJaBETd0SiJA8Vqqq0wFEYLJbF8MxFp_6h_vl4LNaerwCNRs_26VeA5Xtd2zt19T9lKTasDnKZvj2WfHRS6fomgM30wsZu7gNeVXyq4O2GoHnqQ7nfVJfQYGz2ku987W2JQMTm7S5C13WGvuYssBEZge5pgpVhSAKWeUTAWiXxVg_IeARTam01f6H7hP-33efMhVgOGAYKIE6QnRfo8rUeR44TdEpvv6WS7UkMMuxzZVno4R3_cywu5eggny5YEFU.-gnqNxrkYlHKIjHUWn15JAGt2fBgbI-y_-0apj0tcXk&dib_tag=se&keywords=portra+400&qid=1785609028&sprefix=portra+40%2Caps%2C197&sr=8-12&linkCode=ll2&tag=yondersaymser-20&linkId=00f838abfd2d37270807c779ca3d1e26&ref_=as_li_ss_tl
🎞️,⭐⭐⭐⭐,Film Recommendation: Kodak Gold,Kodak,Pack of 3,"One of the best ""All Around"" film stocks on the market, perfect for your vibes based adventure; film camera not incldued.",Photography,🖼️,https://www.amazon.ca/KODAK-Gold-Film-GB135-36-Vertical-Packaging/dp/B00JDOCW3M?crid=2RYZIVKO37XEM&dib=eyJ2IjoiMSJ9.n7iD6QabCg3C6IDAEqwzITiGZbFoyIXbMa06mGx1RMPq-nF7TY8x2yUCUzjjrFBGIuf-soXI9mFVgCBvZPVaE9JbYHi56a3apxKpGYPkeMmaPDlIf8jQNTWkYmsVsLXJy_12QJHSSoOBzi_8qsaJYOrPYfnj3EDqxHHW4xVDKoIwtDw9biItFWQsp6w7V7gZrUSJszwE7F14XirxN9GHO0HJdYwVdm7VMn8NqGg5MuQn4ElySLkLLtEWoR1AUQDLcFw9Ms401Qicx-SnZa1qnsj6J0Bajx4QOVE9XwtbSzM.tBI8gdi-EJEcsolKUhUeD9Wq5hDfUGkqZC_OmRmlyVs&dib_tag=se&keywords=kodak+gold&qid=1785609209&sprefix=kodak+gol%2Caps%2C167&sr=8-3&linkCode=ll2&tag=yondersaymser-20&linkId=6fa9c13c1b2589e9e9349a054ab4d5cf&ref_=as_li_ss_tl
🎞️,⭐⭐⭐⭐⭐,Film Recommendation: CineStill 800T,CineStill,Pack of 2,Take this stuff out at night with a decent flash mounted for the ultimate vibes. Works well in daylight if you have the ability to mnount a warming filter.,Photography,🖼️,https://www.amazon.ca/CineStill-800Tungsten-Color-Negative-Exposures/dp/B0GYBQWCF2?crid=2YO5EF36NXH41&dib=eyJ2IjoiMSJ9.35oZf3ZfiUHudetoQVSxVuh_tWPdLDBEx808Oj9WubDvKKZrzOzvFzMa6FGVx72MyJE6zDfdbYQRsfugrzo-AbK41z85TTRMlYjrKoKeYVBBVYm0XZs2-oCR3X6Gmi5EOpIt_6OD81aJexfmCHf7xZOPN602hphMl-Blx2HkQAUHxWPmMY7kqQ6vcDWkWrsBMjGwAKi8X4nbwdtoupI493oKTEtxwn23__GYT4aExRUZBqqvfs6veFvPd0b5W3Fon7wJ-pa8lJA9P-Hfsdg-pSzLt-bTVaSToEh2D3SP6dQ.MWyW-5HOktikgJ6J7NTJ5NJsdSD7l0_t4h8TCXaJnlQ&dib_tag=se&keywords=cinestill&qid=1785609278&sprefix=cinestil%2Caps%2C172&sr=8-6&linkCode=ll2&tag=yondersaymser-20&linkId=0148f78458f9f59c8e752ef2c2ca93d2&ref_=as_li_ss_tl
🌐,⭐⭐⭐⭐⭐,Get Lost? Get Found,ZOLEO ,D444s055,"Okay, so if you're really going out there, take this with you so civilization can find you... That is if you even want to be found.",Electronics,⚡,https://www.amazon.ca/ZOLEO-Satellite-Communicator-Check-Smartphone/dp/B07X59RH7T?crid=659MADPSH9BJ&dib=eyJ2IjoiMSJ9.U3V7Lk6zez87HF6W1U4Cp-pL-QvoW-BrgYxFQr9hdZwoWo3An0dxSuu5cQkS1ShEjLdqoeudQIBG4mxhWBb_KwmlLU8ejOGLia37b3xBnqVy6go0t_9VLK7TO0P8y2_oIse8UNIlU5No4c7XYJwOozAekGENRBGIaTi_-TcE9FLvpVPXKZuQZXvTS-wYW8mOJ9oNw773LmPslqBuWIasBONZOB7DaS44HizU0Wv-LMDf7tfDhvtPOymaM__5c06drJI4kZ9hs7VCHwCVUeaWkugQAlLDhWUl4UfARAv6Pzo.WwkP43QzStt3ZzVfIWfklWqAGeie9eoPv4hgDHjDXoY&dib_tag=se&keywords=personal+locator+beacon&qid=1785605447&sprefix=personal+loca%2Caps%2C172&sr=8-7&linkCode=ll2&tag=yondersaymser-20&linkId=ceaba62cb13a3c013b01ed66053d10af&ref_=as_li_ss_tl
😷,⭐⭐⭐⭐⭐,Packed Crowds? Not Feeling well?,Ready First Aid,Pack of 50,"The Pandy may be over, but your health concerns are your own business. Grab a pack of travel masks and pray the virus doesn't find you.",Healthcare,⛑️,https://www.amazon.ca/Ready-First-Aid-Procedure-Construction/dp/B0CVRTW5RZ?crid=2I18HMQF6H7MC&dib=eyJ2IjoiMSJ9.1sxxhmF8glMxQWhiti8PGArbJzdvUrXQlVlOdMgbV_jRt_xc_6YSP6WM4wK5zQv9o1TDqQF5RTw_RZv9QTPLxM7np22yz9zvmw84PHXaOP3Dvty9HryhB3Wtp5rw_3BCTh0Dd-sUIAqSRSQxcY_HB8II85QW06PuAdxjddNrXTlvWYc_U0fkc78h0RERrGrk60uFFrIo7NYw46lbp201oEURAQAJJst22IWwCkpZDyw0TSdxi2D-THPnLyGmxt2fGK_gdTcWGG_8cy7fkBwsyXNPgibFPw7fs4hrPhWgi_I.MGGUFUcNyGD2vSytrmQKYgHDbYmNyQHFHbFnjpb3VdI&dib_tag=se&keywords=travel%2Bface%2Bmask&qid=1785609395&sprefix=travel%2Bfa%2Bmask%2Caps%2C182&sr=8-17&th=1&linkCode=ll2&tag=yondersaymser-20&linkId=2cd088215f60c918eee3c97d7308a52b&ref_=as_li_ss_tl
💿,⭐⭐⭐⭐⭐,Keep The Beats Going,UGREEN,USB-C to 3.5mm Adapter,A little more durable for the vibes ahead. Plug this into your phone if you lack the 3.5mm headphone jack the MBA's stole from us.,Electronics,⚡,https://www.amazon.ca/UGREEN-Headphone-Adapter-Earphone-Connector/dp/B082WG5VTK?crid=23IE610V9RWSV&dib=eyJ2IjoiMSJ9.I7fFIkX-NQo86VzvQ-dE4O5tRFRcv11ClmpnRNzAjMEncwFSJVnMlTu9jdK3EA_4Jrfa6fjcJmCgX0aqR3WOQblz0i4ru5kY9foBNVRNsYU9ipqoz3_ghLisYXz9hlZEBEFIezdoLitE1oVA733yD2zg_41vKHUB5K1M0dvlMYe7x__EG1pwOBt8fgaUg-i_RlVbPaIv0D-5c94xEZydJDhswr9XFezpsaiv30FX-2L0Er8W6IKN51JYNIgxaSDnGyanPvxKq3xghLBU7nU5NL5ERwftm5rlPLC1FUF1blI.1xtcZT9r8sL_iLx8p8hfNeKvbo-ioypQgHBDw2walmc&dib_tag=se&keywords=usbc%2Bto%2Bheadphone&qid=1785608696&sprefix=usbc%2Bto%2Bheadphone%2Caps%2C202&sr=8-6&th=1&linkCode=ll2&tag=yondersaymser-20&linkId=6d1c84bf2256af595a470b6d8b1516c9&ref_=as_li_ss_tl
